C0 (876 genes)	C1 (904 genes)	C2 (701 genes)	C3 (645 genes)	C4 (809 genes)	C5 (832 genes)
Genes	Genes	Genes	Genes	Genes	Genes
MmuINT0000292	MmuINT0000032	MmuINT0000219	MmuINT0000210	MmuINT0000031	MmuINT0000033
MmuINT0000321	MmuINT0000115	MmuINT0000289	MmuINT0000924	MmuINT0000137	MmuINT0000392
MmuINT0000486	MmuINT0000267	MmuINT0001220	MmuINT0001090	MmuINT0000404	MmuINT0000400
MmuINT0000573	MmuINT0000303	MmuINT0001324	MmuINT0001201	MmuINT0000546	MmuINT0000541
MmuINT0001028	MmuINT0000347	MmuINT0001748	MmuINT0001821	MmuINT0000590	MmuINT0000612
MmuINT0001094	MmuINT0000475	MmuINT0001819	MmuINT0001962	MmuINT0000616	MmuINT0000623
MmuINT0001130	MmuINT0000613	MmuINT0001922	MmuINT0002078	MmuINT0001136	MmuINT0001127
MmuINT0001195	MmuINT0000920	MmuINT0002008	MmuINT0002414	MmuINT0001384	MmuINT0001146
MmuINT0001385	MmuINT0001234	MmuINT0002065	MmuINT0002653	MmuINT0001555	MmuINT0001194
MmuINT0001478	MmuINT0001717	MmuINT0002477	MmuINT0002753	MmuINT0001662	MmuINT0001380
MmuINT0001715	MmuINT0002466	MmuINT0002677	MmuINT0003662	MmuINT0001714	MmuINT0002191
MmuINT0001820	MmuINT0002893	MmuINT0002909	MmuINT0004016	MmuINT0002505	MmuINT0002460
MmuINT0001961	MmuINT0003109	MmuINT0002918	MmuINT0005128	MmuINT0002708	MmuINT0002494
MmuINT0002434	MmuINT0003584	MmuINT0002942	MmuINT0005600	MmuINT0002966	MmuINT0004327
MmuINT0002458	MmuINT0003600	MmuINT0004175	MmuINT0005841	MmuINT0003394	MmuINT0004978
MmuINT0002493	MmuINT0003648	MmuINT0004539	MmuINT0006244	MmuINT0003839	MmuINT0005343
MmuINT0002694	MmuINT0003933	MmuINT0004966	MmuINT0006347	MmuINT0003930	MmuINT0005851
MmuINT0002899	MmuINT0004146	MmuINT0005342	MmuINT0007013	MmuINT0004026	MmuINT0005858
MmuINT0002915	MmuINT0004720	MmuINT0005434	MmuINT0007127	MmuINT0004102	MmuINT0006667
MmuINT0003082	MmuINT0005348	MmuINT0006138	MmuINT0007416	MmuINT0004821	MmuINT0007276
MmuINT0003808	MmuINT0005351	MmuINT0007428	MmuINT0008281	MmuINT0004900	MmuINT0008466
MmuINT0004131	MmuINT0005396	MmuINT0007472	MmuINT0008708	MmuINT0004996	MmuINT0008497
MmuINT0004163	MmuINT0005438	MmuINT0008338	MmuINT0008792	MmuINT0005588	MmuINT0008511
MmuINT0004208	MmuINT0005519	MmuINT0008349	MmuINT0008807	MmuINT0005684	MmuINT0008775
MmuINT0005686	MmuINT0005677	MmuINT0008948	MmuINT0009846	MmuINT0005718	MmuINT0008776
MmuINT0005701	MmuINT0005853	MmuINT0009700	MmuINT0009978	MmuINT0005812	MmuINT0008889
MmuINT0005808	MmuINT0006055	MmuINT0009983	MmuINT0010665	MmuINT0005969	MmuINT0009880
MmuINT0006659	MmuINT0006135	MmuINT0010048	MmuINT0012336	MmuINT0005984	MmuINT0009910
MmuINT0006673	MmuINT0006947	MmuINT0011374	MmuINT0012729	MmuINT0006763	MmuINT0010168
MmuINT0006695	MmuINT0008283	MmuINT0011751	MmuINT0012768	MmuINT0008336	MmuINT0010568
MmuINT0007203	MmuINT0008542	MmuINT0011867	MmuINT0013061	MmuINT0008707	MmuINT0010802
MmuINT0007476	MmuINT0008773	MmuINT0012006	MmuINT0013525	MmuINT0008785	MmuINT0011500
MmuINT0008260	MmuINT0008791	MmuINT0012229	MmuINT0013835	MmuINT0009083	MmuINT0012470
MmuINT0008525	MmuINT0008951	MmuINT0012348	MmuINT0014659	MmuINT0010134	MmuINT0012939
MmuINT0008796	MmuINT0009172	MmuINT0013079	MmuINT0015279	MmuINT0011384	MmuINT0012949
MmuINT0008903	MmuINT0009694	MmuINT0013500	MmuINT0015479	MmuINT0011396	MmuINT0012950
MmuINT0009071	MmuINT0009696	MmuINT0013668	MmuINT0015938	MmuINT0011508	MmuINT0012999
MmuINT0009563	MmuINT0009957	MmuINT0013983	MmuINT0015945	MmuINT0011674	MmuINT0013219
MmuINT0009705	MmuINT0010461	MmuINT0014024	MmuINT0016634	MmuINT0011741	MmuINT0014068
MmuINT0009852	MmuINT0010703	MmuINT0014067	MmuINT0016785	MmuINT0011865	MmuINT0014105
MmuINT0010469	MmuINT0012008	MmuINT0014151	MmuINT0016789	MmuINT0012044	MmuINT0014603
MmuINT0010513	MmuINT0013721	MmuINT0014691	MmuINT0016966	MmuINT0012112	MmuINT0014660
MmuINT0010664	MmuINT0013840	MmuINT0014746	MmuINT0017143	MmuINT0012268	MmuINT0015429
MmuINT0010673	MmuINT0013924	MmuINT0015940	MmuINT0018427	MmuINT0012474	MmuINT0015922
MmuINT0011386	MmuINT0014595	MmuINT0016850	MmuINT0018844	MmuINT0012759	MmuINT0015959
MmuINT0011979	MmuINT0014732	MmuINT0016967	MmuINT0018905	MmuINT0013236	MmuINT0016962
MmuINT0012108	MmuINT0014858	MmuINT0017503	MmuINT0019192	MmuINT0014207	MmuINT0017375
MmuINT0012762	MmuINT0014937	MmuINT0017816	MmuINT0019742	MmuINT0014426	MmuINT0017415
MmuINT0013215	MmuINT0014987	MmuINT0018239	MmuINT0019887	MmuINT0014601	MmuINT0017521
MmuINT0013256	MmuINT0015339	MmuINT0018748	MmuINT0020134	MmuINT0015039	MmuINT0017586
MmuINT0013299	MmuINT0015539	MmuINT0019179	MmuINT0020218	MmuINT0015293	MmuINT0018074
MmuINT0013437	MmuINT0015575	MmuINT0019581	MmuINT0020292	MmuINT0015467	MmuINT0018092
MmuINT0014069	MmuINT0015604	MmuINT0019952	MmuINT0020362	MmuINT0015736	MmuINT0018538
MmuINT0014616	MmuINT0015649	MmuINT0019989	MmuINT0020610	MmuINT0015813	MmuINT0018775
MmuINT0014661	MmuINT0016013	MmuINT0020095	MmuINT0020737	MmuINT0015840	MmuINT0019069
MmuINT0014845	MmuINT0016872	MmuINT0020532	MmuINT0020751	MmuINT0015997	MmuINT0019221
MmuINT0015413	MmuINT0016874	MmuINT0020547	MmuINT0021119	MmuINT0016632	MmuINT0019226
MmuINT0015614	MmuINT0017109	MmuINT0021306	MmuINT0021922	MmuINT0016754	MmuINT0019457
MmuINT0015936	MmuINT0017205	MmuINT0021430	MmuINT0022298	MmuINT0016871	MmuINT0020323
MmuINT0016758	MmuINT0017512	MmuINT0021491	MmuINT0022554	MmuINT0017124	MmuINT0020522
MmuINT0017201	MmuINT0017776	MmuINT0021610	MmuINT0022704	MmuINT0017147	MmuINT0020743
MmuINT0017374	MmuINT0017883	MmuINT0021725	MmuINT0023152	MmuINT0017895	MmuINT0021486
MmuINT0017718	MmuINT0018415	MmuINT0022270	MmuINT0023783	MmuINT0017931	MmuINT0021487
MmuINT0017790	MmuINT0018949	MmuINT0022289	MmuINT0023873	MmuINT0018250	MmuINT0021942
MmuINT0019099	MmuINT0018958	MmuINT0022545	MmuINT0023874	MmuINT0018922	MmuINT0022178
MmuINT0019356	MmuINT0019067	MmuINT0022558	MmuINT0024905	MmuINT0019090	MmuINT0022282
MmuINT0019914	MmuINT0019190	MmuINT0022772	MmuINT0024957	MmuINT0019423	MmuINT0022559
MmuINT0020071	MmuINT0019203	MmuINT0023138	MmuINT0025710	MmuINT0019757	MmuINT0022609
MmuINT0020075	MmuINT0019206	MmuINT0023462	MmuINT0025742	MmuINT0019822	MmuINT0022809
MmuINT0020520	MmuINT0019326	MmuINT0023767	MmuINT0026001	MmuINT0019839	MmuINT0023389
MmuINT0020960	MmuINT0019984	MmuINT0024801	MmuINT0027084	MmuINT0020343	MmuINT0023405
MmuINT0021169	MmuINT0019988	MmuINT0024945	MmuINT0027954	MmuINT0020465	MmuINT0023447
MmuINT0021332	MmuINT0020308	MmuINT0025608	MmuINT0028116	MmuINT0020496	MmuINT0024171
MmuINT0021478	MmuINT0020593	MmuINT0025723	MmuINT0028121	MmuINT0021523	MmuINT0024223
MmuINT0021481	MmuINT0020602	MmuINT0025838	MmuINT0028134	MmuINT0022271	MmuINT0024410
MmuINT0021592	MmuINT0020611	MmuINT0025851	MmuINT0028250	MmuINT0022693	MmuINT0025321
MmuINT0021634	MmuINT0020697	MmuINT0026050	MmuINT0029130	MmuINT0022887	MmuINT0025537
MmuINT0021982	MmuINT0020903	MmuINT0026094	MmuINT0029469	MmuINT0023606	MmuINT0025654
MmuINT0021983	MmuINT0020947	MmuINT0026141	MmuINT0030642	MmuINT0023817	MmuINT0025715
MmuINT0022175	MmuINT0021118	MmuINT0026356	MmuINT0030873	MmuINT0023852	MmuINT0025797
MmuINT0022205	MmuINT0021313	MmuINT0026890	MmuINT0031020	MmuINT0024220	MmuINT0025853
MmuINT0022317	MmuINT0021445	MmuINT0027284	MmuINT0031193	MmuINT0024340	MmuINT0026377
MmuINT0022489	MmuINT0021993	MmuINT0028468	MmuINT0031682	MmuINT0024360	MmuINT0026471
MmuINT0023473	MmuINT0022038	MmuINT0030050	MmuINT0031867	MmuINT0024403	MmuINT0026865
MmuINT0023475	MmuINT0022552	MmuINT0030313	MmuINT0032032	MmuINT0025050	MmuINT0028260
MmuINT0024044	MmuINT0022614	MmuINT0030570	MmuINT0032409	MmuINT0025714	MmuINT0028957
MmuINT0024064	MmuINT0022696	MmuINT0030950	MmuINT0032649	MmuINT0026005	MmuINT0029178
MmuINT0024260	MmuINT0022913	MmuINT0031055	MmuINT0034409	MmuINT0026069	MmuINT0029268
MmuINT0024268	MmuINT0023026	MmuINT0031484	MmuINT0034755	MmuINT0026382	MmuINT0029818
MmuINT0025440	MmuINT0023839	MmuINT0032750	MmuINT0037392	MmuINT0026561	MmuINT0029858
MmuINT0025615	MmuINT0023868	MmuINT0032805	MmuINT0037432	MmuINT0026737	MmuINT0030034
MmuINT0025656	MmuINT0024032	MmuINT0033561	MmuINT0039642	MmuINT0027824	MmuINT0030055
MmuINT0025701	MmuINT0024940	MmuINT0033719	MmuINT0040449	MmuINT0028266	MmuINT0030209
MmuINT0025713	MmuINT0025180	MmuINT0034481	MmuINT0040490	MmuINT0029204	MmuINT0030360
MmuINT0026000	MmuINT0025441	MmuINT0034577	MmuINT0041037	MmuINT0030203	MmuINT0030903
MmuINT0026006	MmuINT0025649	MmuINT0035531	MmuINT0041102	MmuINT0030207	MmuINT0031059
MmuINT0026137	MmuINT0026003	MmuINT0035969	MmuINT0041144	MmuINT0030247	MmuINT0031073
MmuINT0026179	MmuINT0026174	MmuINT0036303	MmuINT0041282	MmuINT0030263	MmuINT0031187
MmuINT0026341	MmuINT0026197	MmuINT0036514	MmuINT0041450	MmuINT0030379	MmuINT0031204
MmuINT0026408	MmuINT0026348	MmuINT0036622	MmuINT0041470	MmuINT0030452	MmuINT0031692
MmuINT0026478	MmuINT0026372	MmuINT0037136	MmuINT0041811	MmuINT0030540	MmuINT0031697
MmuINT0026480	MmuINT0026396	MmuINT0037326	MmuINT0042057	MmuINT0030548	MmuINT0031745
MmuINT0026866	MmuINT0026848	MmuINT0038230	MmuINT0042117	MmuINT0030573	MmuINT0031800
MmuINT0027140	MmuINT0026870	MmuINT0040022	MmuINT0042119	MmuINT0030677	MmuINT0031932
MmuINT0029476	MmuINT0027046	MmuINT0041018	MmuINT0042584	MmuINT0031454	MmuINT0032293
MmuINT0029857	MmuINT0027112	MmuINT0041106	MmuINT0042673	MmuINT0032710	MmuINT0032721
MmuINT0030091	MmuINT0027119	MmuINT0041145	MmuINT0042699	MmuINT0033060	MmuINT0033004
MmuINT0030176	MmuINT0027186	MmuINT0041244	MmuINT0043205	MmuINT0033372	MmuINT0033694
MmuINT0030353	MmuINT0028257	MmuINT0042120	MmuINT0043643	MmuINT0033543	MmuINT0033748
MmuINT0030546	MmuINT0028276	MmuINT0043591	MmuINT0045049	MmuINT0033687	MmuINT0033987
MmuINT0030747	MmuINT0028596	MmuINT0044666	MmuINT0046272	MmuINT0033709	MmuINT0034335
MmuINT0031076	MmuINT0028697	MmuINT0044697	MmuINT0046352	MmuINT0033947	MmuINT0034626
MmuINT0031079	MmuINT0028807	MmuINT0045142	MmuINT0046435	MmuINT0034092	MmuINT0034747
MmuINT0031163	MmuINT0029053	MmuINT0045668	MmuINT0047323	MmuINT0034253	MmuINT0034867
MmuINT0031306	MmuINT0029062	MmuINT0045809	MmuINT0047914	MmuINT0034414	MmuINT0035226
MmuINT0031638	MmuINT0029240	MmuINT0045942	MmuINT0048926	MmuINT0034478	MmuINT0035440
MmuINT0032786	MmuINT0029243	MmuINT0046291	MmuINT0048990	MmuINT0034496	MmuINT0035486
MmuINT0033047	MmuINT0029315	MmuINT0046452	MmuINT0049015	MmuINT0034914	MmuINT0035641
MmuINT0033733	MmuINT0029565	MmuINT0046782	MmuINT0049075	MmuINT0035264	MmuINT0035769
MmuINT0033744	MmuINT0029678	MmuINT0047238	MmuINT0049123	MmuINT0035706	MmuINT0035886
MmuINT0034073	MmuINT0030045	MmuINT0047490	MmuINT0049460	MmuINT0035828	MmuINT0036415
MmuINT0034140	MmuINT0030288	MmuINT0047905	MmuINT0049895	MmuINT0036063	MmuINT0036523
MmuINT0034494	MmuINT0030346	MmuINT0047974	MmuINT0050051	MmuINT0036117	MmuINT0036540
MmuINT0034886	MmuINT0030629	MmuINT0048214	MmuINT0051185	MmuINT0036132	MmuINT0036782
MmuINT0034941	MmuINT0030773	MmuINT0048578	MmuINT0051475	MmuINT0036413	MmuINT0036942
MmuINT0035261	MmuINT0030890	MmuINT0048579	MmuINT0051859	MmuINT0036522	MmuINT0037427
MmuINT0035371	MmuINT0030987	MmuINT0048754	MmuINT0052357	MmuINT0036527	MmuINT0038644
MmuINT0035393	MmuINT0030991	MmuINT0048993	MmuINT0052594	MmuINT0036700	MmuINT0038718
MmuINT0035654	MmuINT0031006	MmuINT0049109	MmuINT0052632	MmuINT0037632	MmuINT0038737
MmuINT0036280	MmuINT0031028	MmuINT0049132	MmuINT0052866	MmuINT0037803	MmuINT0038740
MmuINT0036381	MmuINT0031124	MmuINT0049392	MmuINT0052867	MmuINT0038123	MmuINT0039649
MmuINT0036557	MmuINT0031130	MmuINT0049495	MmuINT0054023	MmuINT0038130	MmuINT0040460
MmuINT0037120	MmuINT0031203	MmuINT0050031	MmuINT0054589	MmuINT0038179	MmuINT0040955
MmuINT0037571	MmuINT0031431	MmuINT0050082	MmuINT0054590	MmuINT0038495	MmuINT0041012
MmuINT0037633	MmuINT0031486	MmuINT0050614	MmuINT0054833	MmuINT0039647	MmuINT0041279
MmuINT0038028	MmuINT0031657	MmuINT0051262	MmuINT0055210	MmuINT0040757	MmuINT0041492
MmuINT0038625	MmuINT0031848	MmuINT0051335	MmuINT0055231	MmuINT0040845	MmuINT0041716
MmuINT0038738	MmuINT0032034	MmuINT0051879	MmuINT0055250	MmuINT0041333	MmuINT0041935
MmuINT0040715	MmuINT0032038	MmuINT0052437	MmuINT0055506	MmuINT0041546	MmuINT0041942
MmuINT0040765	MmuINT0032341	MmuINT0052744	MmuINT0055508	MmuINT0041807	MmuINT0042182
MmuINT0040772	MmuINT0032751	MmuINT0052848	MmuINT0055759	MmuINT0041945	MmuINT0042183
MmuINT0040909	MmuINT0032760	MmuINT0053168	MmuINT0055771	MmuINT0042027	MmuINT0042266
MmuINT0041092	MmuINT0032951	MmuINT0055004	MmuINT0055950	MmuINT0042059	MmuINT0042522
MmuINT0041169	MmuINT0033605	MmuINT0055754	MmuINT0056149	MmuINT0042336	MmuINT0042653
MmuINT0041256	MmuINT0033619	MmuINT0056147	MmuINT0056153	MmuINT0042655	MmuINT0042667
MmuINT0041267	MmuINT0033623	MmuINT0056348	MmuINT0056614	MmuINT0042700	MmuINT0043099
MmuINT0041430	MmuINT0033981	MmuINT0056716	MmuINT0056637	MmuINT0043055	MmuINT0043134
MmuINT0042180	MmuINT0033983	MmuINT0056755	MmuINT0056722	MmuINT0043146	MmuINT0043328
MmuINT0042344	MmuINT0034517	MmuINT0056814	MmuINT0057229	MmuINT0043181	MmuINT0043442
MmuINT0042507	MmuINT0034582	MmuINT0056840	MmuINT0057237	MmuINT0044059	MmuINT0043492
MmuINT0043381	MmuINT0034628	MmuINT0056854	MmuINT0057244	MmuINT0044069	MmuINT0043642
MmuINT0045439	MmuINT0034664	MmuINT0057704	MmuINT0057520	MmuINT0044216	MmuINT0044188
MmuINT0045650	MmuINT0034692	MmuINT0058123	MmuINT0057598	MmuINT0045937	MmuINT0044591
MmuINT0045667	MmuINT0034859	MmuINT0058514	MmuINT0057985	MmuINT0046311	MmuINT0045492
MmuINT0045965	MmuINT0035222	MmuINT0058779	MmuINT0058040	MmuINT0046377	MmuINT0045878
MmuINT0046208	MmuINT0035520	MmuINT0058967	MmuINT0058134	MmuINT0046546	MmuINT0046083
MmuINT0046313	MmuINT0036114	MmuINT0059262	MmuINT0058857	MmuINT0046551	MmuINT0046436
MmuINT0046451	MmuINT0036312	MmuINT0059817	MmuINT0059047	MmuINT0046579	MmuINT0046514
MmuINT0047087	MmuINT0036411	MmuINT0059865	MmuINT0059145	MmuINT0046626	MmuINT0046826
MmuINT0047431	MmuINT0036532	MmuINT0061038	MmuINT0059198	MmuINT0047104	MmuINT0046844
MmuINT0047592	MmuINT0037117	MmuINT0061258	MmuINT0059552	MmuINT0047193	MmuINT0046899
MmuINT0047977	MmuINT0037413	MmuINT0061268	MmuINT0059639	MmuINT0047246	MmuINT0046905
MmuINT0048250	MmuINT0037814	MmuINT0061350	MmuINT0059878	MmuINT0047369	MmuINT0046966
MmuINT0048507	MmuINT0037863	MmuINT0061426	MmuINT0060476	MmuINT0047491	MmuINT0047096
MmuINT0048667	MmuINT0038168	MmuINT0061456	MmuINT0060649	MmuINT0047538	MmuINT0047134
MmuINT0049137	MmuINT0038224	MmuINT0061826	MmuINT0061311	MmuINT0047593	MmuINT0047157
MmuINT0049391	MmuINT0038245	MmuINT0061948	MmuINT0061664	MmuINT0047916	MmuINT0047655
MmuINT0049811	MmuINT0038727	MmuINT0062261	MmuINT0061718	MmuINT0048103	MmuINT0047659
MmuINT0050052	MmuINT0040706	MmuINT0063136	MmuINT0061853	MmuINT0048542	MmuINT0048539
MmuINT0050081	MmuINT0040947	MmuINT0063472	MmuINT0062003	MmuINT0049155	MmuINT0048548
MmuINT0050369	MmuINT0040979	MmuINT0063501	MmuINT0062286	MmuINT0049322	MmuINT0048985
MmuINT0050383	MmuINT0041021	MmuINT0063610	MmuINT0062471	MmuINT0050618	MmuINT0049315
MmuINT0051190	MmuINT0041041	MmuINT0063742	MmuINT0062513	MmuINT0051192	MmuINT0049623
MmuINT0051560	MmuINT0041046	MmuINT0063992	MmuINT0062545	MmuINT0051549	MmuINT0049642
MmuINT0051596	MmuINT0041229	MmuINT0064720	MmuINT0062773	MmuINT0051592	MmuINT0050766
MmuINT0051966	MmuINT0041644	MmuINT0065146	MmuINT0062995	MmuINT0051731	MmuINT0051183
MmuINT0052441	MmuINT0041675	MmuINT0065614	MmuINT0063719	MmuINT0051867	MmuINT0051260
MmuINT0053887	MmuINT0041904	MmuINT0065783	MmuINT0064047	MmuINT0051885	MmuINT0051319
MmuINT0054777	MmuINT0042032	MmuINT0066702	MmuINT0066408	MmuINT0052198	MmuINT0051559
MmuINT0055003	MmuINT0042337	MmuINT0067484	MmuINT0066587	MmuINT0052199	MmuINT0051857
MmuINT0055079	MmuINT0042532	MmuINT0067644	MmuINT0066733	MmuINT0052432	MmuINT0052256
MmuINT0055218	MmuINT0042656	MmuINT0067697	MmuINT0067497	MmuINT0052442	MmuINT0053426
MmuINT0055225	MmuINT0043314	MmuINT0067698	MmuINT0067648	MmuINT0052443	MmuINT0053634
MmuINT0055379	MmuINT0043432	MmuINT0067776	MmuINT0067753	MmuINT0052580	MmuINT0054714
MmuINT0055671	MmuINT0043600	MmuINT0067835	MmuINT0067790	MmuINT0052800	MmuINT0055217
MmuINT0055677	MmuINT0044407	MmuINT0068313	MmuINT0067828	MmuINT0052814	MmuINT0055367
MmuINT0055689	MmuINT0044738	MmuINT0068623	MmuINT0068106	MmuINT0053356	MmuINT0055609
MmuINT0055690	MmuINT0045438	MmuINT0068636	MmuINT0068130	MmuINT0053517	MmuINT0055942
MmuINT0055904	MmuINT0046191	MmuINT0068654	MmuINT0068606	MmuINT0053734	MmuINT0056114
MmuINT0056027	MmuINT0046223	MmuINT0068756	MmuINT0069198	MmuINT0053766	MmuINT0056117
MmuINT0056177	MmuINT0046315	MmuINT0069141	MmuINT0069546	MmuINT0054695	MmuINT0056119
MmuINT0056363	MmuINT0046370	MmuINT0070365	MmuINT0070714	MmuINT0054719	MmuINT0056135
MmuINT0056365	MmuINT0047085	MmuINT0071695	MmuINT0071702	MmuINT0054769	MmuINT0056174
MmuINT0056502	MmuINT0047088	MmuINT0071707	MmuINT0071708	MmuINT0054894	MmuINT0056343
MmuINT0056540	MmuINT0047324	MmuINT0071943	MmuINT0071882	MmuINT0055219	MmuINT0056364
MmuINT0056544	MmuINT0047430	MmuINT0072017	MmuINT0072096	MmuINT0055242	MmuINT0056738
MmuINT0056558	MmuINT0048112	MmuINT0072211	MmuINT0072366	MmuINT0055308	MmuINT0056746
MmuINT0056751	MmuINT0048557	MmuINT0072287	MmuINT0072387	MmuINT0055561	MmuINT0057396
MmuINT0056841	MmuINT0048731	MmuINT0072325	MmuINT0072794	MmuINT0055948	MmuINT0058014
MmuINT0057037	MmuINT0049007	MmuINT0072770	MmuINT0072811	MmuINT0056658	MmuINT0058428
MmuINT0057720	MmuINT0049478	MmuINT0073068	MmuINT0073430	MmuINT0056765	MmuINT0058893
MmuINT0058005	MmuINT0049813	MmuINT0073552	MmuINT0073447	MmuINT0057407	MmuINT0059423
MmuINT0059073	MmuINT0049995	MmuINT0074106	MmuINT0073564	MmuINT0057829	MmuINT0059626
MmuINT0059197	MmuINT0050093	MmuINT0074117	MmuINT0074108	MmuINT0057873	MmuINT0059628
MmuINT0059233	MmuINT0050099	MmuINT0074683	MmuINT0074639	MmuINT0057950	MmuINT0059648
MmuINT0059278	MmuINT0050386	MmuINT0074767	MmuINT0074755	MmuINT0058503	MmuINT0059833
MmuINT0059298	MmuINT0050611	MmuINT0074874	MmuINT0074777	MmuINT0058523	MmuINT0060135
MmuINT0059553	MmuINT0051352	MmuINT0074981	MmuINT0075100	MmuINT0058867	MmuINT0060625
MmuINT0059557	MmuINT0051427	MmuINT0075709	MmuINT0075108	MmuINT0058879	MmuINT0060640
MmuINT0059852	MmuINT0051646	MmuINT0076100	MmuINT0075396	MmuINT0059027	MmuINT0060685
MmuINT0059859	MmuINT0051668	MmuINT0076924	MmuINT0075476	MmuINT0059120	MmuINT0060763
MmuINT0059877	MmuINT0051840	MmuINT0077594	MmuINT0075487	MmuINT0059126	MmuINT0061022
MmuINT0059927	MmuINT0052012	MmuINT0077954	MmuINT0075764	MmuINT0059376	MmuINT0061094
MmuINT0059975	MmuINT0052560	MmuINT0078073	MmuINT0076124	MmuINT0059383	MmuINT0061372
MmuINT0060754	MmuINT0052878	MmuINT0078536	MmuINT0076695	MmuINT0059653	MmuINT0061382
MmuINT0060991	MmuINT0052955	MmuINT0078635	MmuINT0076709	MmuINT0059858	MmuINT0061441
MmuINT0061253	MmuINT0052963	MmuINT0078638	MmuINT0077050	MmuINT0059953	MmuINT0061666
MmuINT0061330	MmuINT0053424	MmuINT0078823	MmuINT0077421	MmuINT0060184	MmuINT0061861
MmuINT0061348	MmuINT0053945	MmuINT0078988	MmuINT0078253	MmuINT0060191	MmuINT0061947
MmuINT0061740	MmuINT0054073	MmuINT0079034	MmuINT0078376	MmuINT0060648	MmuINT0062043
MmuINT0061744	MmuINT0054593	MmuINT0079187	MmuINT0078384	MmuINT0060650	MmuINT0062120
MmuINT0061817	MmuINT0054691	MmuINT0079280	MmuINT0078505	MmuINT0060654	MmuINT0062123
MmuINT0061950	MmuINT0054717	MmuINT0079643	MmuINT0078808	MmuINT0060693	MmuINT0062193
MmuINT0062508	MmuINT0054829	MmuINT0079819	MmuINT0079286	MmuINT0060698	MmuINT0062282
MmuINT0062530	MmuINT0055088	MmuINT0079958	MmuINT0079628	MmuINT0060984	MmuINT0062467
MmuINT0063112	MmuINT0055668	MmuINT0080674	MmuINT0080286	MmuINT0061254	MmuINT0063135
MmuINT0063118	MmuINT0056417	MmuINT0081631	MmuINT0081712	MmuINT0061286	MmuINT0063193
MmuINT0063147	MmuINT0056539	MmuINT0081847	MmuINT0082060	MmuINT0061364	MmuINT0063250
MmuINT0063399	MmuINT0056591	MmuINT0082024	MmuINT0082649	MmuINT0061378	MmuINT0063264
MmuINT0063411	MmuINT0056771	MmuINT0082049	MmuINT0083041	MmuINT0061677	MmuINT0063480
MmuINT0063453	MmuINT0056787	MmuINT0082753	MmuINT0083271	MmuINT0062200	MmuINT0063537
MmuINT0063492	MmuINT0057519	MmuINT0082955	MmuINT0083862	MmuINT0062327	MmuINT0063568
MmuINT0063546	MmuINT0057823	MmuINT0083284	MmuINT0084491	MmuINT0063206	MmuINT0063574
MmuINT0064383	MmuINT0057944	MmuINT0083304	MmuINT0084526	MmuINT0063238	MmuINT0063613
MmuINT0064580	MmuINT0057948	MmuINT0083524	MmuINT0084754	MmuINT0063305	MmuINT0063639
MmuINT0064597	MmuINT0058124	MmuINT0083790	MmuINT0084756	MmuINT0063449	MmuINT0063693
MmuINT0064676	MmuINT0058279	MmuINT0083864	MmuINT0085049	MmuINT0063487	MmuINT0063993
MmuINT0064712	MmuINT0058430	MmuINT0084631	MmuINT0085710	MmuINT0063519	MmuINT0064669
MmuINT0065767	MmuINT0058768	MmuINT0084746	MmuINT0086087	MmuINT0063555	MmuINT0064711
MmuINT0066132	MmuINT0058949	MmuINT0084750	MmuINT0086135	MmuINT0064279	MmuINT0064939
MmuINT0066259	MmuINT0059348	MmuINT0084808	MmuINT0086571	MmuINT0065564	MmuINT0065176
MmuINT0066335	MmuINT0059534	MmuINT0085029	MmuINT0086674	MmuINT0066168	MmuINT0065185
MmuINT0066341	MmuINT0059912	MmuINT0085033	MmuINT0086892	MmuINT0066260	MmuINT0065188
MmuINT0066343	MmuINT0060606	MmuINT0086446	MmuINT0087088	MmuINT0066433	MmuINT0066332
MmuINT0066429	MmuINT0060697	MmuINT0086754	MmuINT0087217	MmuINT0066472	MmuINT0066434
MmuINT0066497	MmuINT0060711	MmuINT0086785	MmuINT0087478	MmuINT0066663	MmuINT0066556
MmuINT0066507	MmuINT0060959	MmuINT0086793	MmuINT0087616	MmuINT0067988	MmuINT0066599
MmuINT0066586	MmuINT0060960	MmuINT0087103	MmuINT0087727	MmuINT0068165	MmuINT0066990
MmuINT0066746	MmuINT0061074	MmuINT0087349	MmuINT0089276	MmuINT0068638	MmuINT0067215
MmuINT0066828	MmuINT0061109	MmuINT0087680	MmuINT0091476	MmuINT0068662	MmuINT0067346
MmuINT0066939	MmuINT0061161	MmuINT0087745	MmuINT0091941	MmuINT0068664	MmuINT0067471
MmuINT0067151	MmuINT0061339	MmuINT0087746	MmuINT0092056	MmuINT0069262	MmuINT0067558
MmuINT0067729	MmuINT0061717	MmuINT0089003	MmuINT0093000	MmuINT0069542	MmuINT0067671
MmuINT0067833	MmuINT0062434	MmuINT0089848	MmuINT0093023	MmuINT0071693	MmuINT0067906
MmuINT0067990	MmuINT0063133	MmuINT0090073	MmuINT0093048	MmuINT0071694	MmuINT0068965
MmuINT0068076	MmuINT0063145	MmuINT0090438	MmuINT0093086	MmuINT0072122	MmuINT0069146
MmuINT0068903	MmuINT0063192	MmuINT0090493	MmuINT0093143	MmuINT0072767	MmuINT0069555
MmuINT0068981	MmuINT0063417	MmuINT0090652	MmuINT0093242	MmuINT0072789	MmuINT0070768
MmuINT0069310	MmuINT0063454	MmuINT0090888	MmuINT0093558	MmuINT0073456	MmuINT0071153
MmuINT0071530	MmuINT0063497	MmuINT0091087	MmuINT0093713	MmuINT0074879	MmuINT0071791
MmuINT0071739	MmuINT0064492	MmuINT0091119	MmuINT0094541	MmuINT0076933	MmuINT0071883
MmuINT0072013	MmuINT0064578	MmuINT0091521	MmuINT0094559	MmuINT0078556	MmuINT0071896
MmuINT0072215	MmuINT0064917	MmuINT0091929	MmuINT0095499	MmuINT0079142	MmuINT0071963
MmuINT0072773	MmuINT0064931	MmuINT0092827	MmuINT0095926	MmuINT0079210	MmuINT0071994
MmuINT0073423	MmuINT0066272	MmuINT0092957	MmuINT0096010	MmuINT0079627	MmuINT0072077
MmuINT0074528	MmuINT0066334	MmuINT0093019	MmuINT0096026	MmuINT0080141	MmuINT0072546
MmuINT0074713	MmuINT0066394	MmuINT0093065	MmuINT0096028	MmuINT0080469	MmuINT0072956
MmuINT0074882	MmuINT0066500	MmuINT0093067	MmuINT0096068	MmuINT0080559	MmuINT0073157
MmuINT0075082	MmuINT0066532	MmuINT0093092	MmuINT0096234	MmuINT0081029	MmuINT0074162
MmuINT0075115	MmuINT0066824	MmuINT0093359	MmuINT0096551	MmuINT0081341	MmuINT0074726
MmuINT0075304	MmuINT0066974	MmuINT0093464	MmuINT0097533	MmuINT0081750	MmuINT0075218
MmuINT0075346	MmuINT0067250	MmuINT0094012	MmuINT0098104	MmuINT0082272	MmuINT0075985
MmuINT0075368	MmuINT0067342	MmuINT0094535	MmuINT0098226	MmuINT0082879	MmuINT0076209
MmuINT0075612	MmuINT0068084	MmuINT0094608	MmuINT0098792	MmuINT0083001	MmuINT0076501
MmuINT0075939	MmuINT0068105	MmuINT0094618	MmuINT0098857	MmuINT0083437	MmuINT0076613
MmuINT0076118	MmuINT0068997	MmuINT0094832	MmuINT0099378	MmuINT0084160	MmuINT0077346
MmuINT0077468	MmuINT0069193	MmuINT0095065	MmuINT0099654	MmuINT0085077	MmuINT0078251
MmuINT0077774	MmuINT0069405	MmuINT0096079	MmuINT0099682	MmuINT0085102	MmuINT0078320
MmuINT0077805	MmuINT0070411	MmuINT0096122	MmuINT0099972	MmuINT0085269	MmuINT0078363
MmuINT0077933	MmuINT0070612	MmuINT0096192	MmuINT0100453	MmuINT0085727	MmuINT0078688
MmuINT0078302	MmuINT0070718	MmuINT0096196	MmuINT0100683	MmuINT0086764	MmuINT0078800
MmuINT0078507	MmuINT0070771	MmuINT0096246	MmuINT0100936	MmuINT0087231	MmuINT0079282
MmuINT0078863	MmuINT0071159	MmuINT0096280	MmuINT0101717	MmuINT0087274	MmuINT0079385
MmuINT0079060	MmuINT0071433	MmuINT0096938	MmuINT0102095	MmuINT0087742	MmuINT0079625
MmuINT0079135	MmuINT0071749	MmuINT0097139	MmuINT0102108	MmuINT0089004	MmuINT0079940
MmuINT0079192	MmuINT0071944	MmuINT0097140	MmuINT0102137	MmuINT0089653	MmuINT0079978
MmuINT0079288	MmuINT0072007	MmuINT0097179	MmuINT0102707	MmuINT0089816	MmuINT0080083
MmuINT0079296	MmuINT0072104	MmuINT0097562	MmuINT0102747	MmuINT0089846	MmuINT0080160
MmuINT0079297	MmuINT0072680	MmuINT0097787	MmuINT0102762	MmuINT0089855	MmuINT0081342
MmuINT0079299	MmuINT0072771	MmuINT0097983	MmuINT0102851	MmuINT0089944	MmuINT0081343
MmuINT0079939	MmuINT0072941	MmuINT0098180	MmuINT0103030	MmuINT0090078	MmuINT0081922
MmuINT0080076	MmuINT0073196	MmuINT0098492	MmuINT0104438	MmuINT0090146	MmuINT0082093
MmuINT0080612	MmuINT0074685	MmuINT0098903	MmuINT0104967	MmuINT0090320	MmuINT0082280
MmuINT0080673	MmuINT0074772	MmuINT0099109	MmuINT0105136	MmuINT0090476	MmuINT0082930
MmuINT0081637	MmuINT0074779	MmuINT0099345	MmuINT0105360	MmuINT0090545	MmuINT0083863
MmuINT0081801	MmuINT0076640	MmuINT0099468	MmuINT0105691	MmuINT0090848	MmuINT0085276
MmuINT0081824	MmuINT0077339	MmuINT0099891	MmuINT0106335	MmuINT0090954	MmuINT0086045
MmuINT0081833	MmuINT0077926	MmuINT0099893	MmuINT0106533	MmuINT0091120	MmuINT0086385
MmuINT0081903	MmuINT0078315	MmuINT0099968	MmuINT0106769	MmuINT0091358	MmuINT0086934
MmuINT0082039	MmuINT0079211	MmuINT0100238	MmuINT0108030	MmuINT0091463	MmuINT0087337
MmuINT0082244	MmuINT0079213	MmuINT0100242	MmuINT0108405	MmuINT0091747	MmuINT0087637
MmuINT0082256	MmuINT0079225	MmuINT0100532	MmuINT0108567	MmuINT0092057	MmuINT0087859
MmuINT0082488	MmuINT0079300	MmuINT0100643	MmuINT0108725	MmuINT0092243	MmuINT0088878
MmuINT0082655	MmuINT0079431	MmuINT0100792	MmuINT0109235	MmuINT0093080	MmuINT0089056
MmuINT0082700	MmuINT0079727	MmuINT0101179	MmuINT0109338	MmuINT0093140	MmuINT0089539
MmuINT0082888	MmuINT0079980	MmuINT0101227	MmuINT0110643	MmuINT0093160	MmuINT0090002
MmuINT0083132	MmuINT0080010	MmuINT0101262	MmuINT0110769	MmuINT0093357	MmuINT0090325
MmuINT0083156	MmuINT0080201	MmuINT0101696	MmuINT0111221	MmuINT0093593	MmuINT0090347
MmuINT0083159	MmuINT0080464	MmuINT0102158	MmuINT0111539	MmuINT0094480	MmuINT0090436
MmuINT0084073	MmuINT0080468	MmuINT0102228	MmuINT0111636	MmuINT0094539	MmuINT0090542
MmuINT0084137	MmuINT0080471	MmuINT0102701	MmuINT0111648	MmuINT0094944	MmuINT0090720
MmuINT0085128	MmuINT0080568	MmuINT0102759	MmuINT0111738	MmuINT0095066	MmuINT0090866
MmuINT0085259	MmuINT0081033	MmuINT0102761	MmuINT0111755	MmuINT0095490	MmuINT0090913
MmuINT0085477	MmuINT0081662	MmuINT0104016	MmuINT0112036	MmuINT0095547	MmuINT0091152
MmuINT0085711	MmuINT0081684	MmuINT0104836	MmuINT0112385	MmuINT0095714	MmuINT0091590
MmuINT0085943	MmuINT0081787	MmuINT0106100	MmuINT0112428	MmuINT0095874	MmuINT0091607
MmuINT0086057	MmuINT0081901	MmuINT0106255	MmuINT0112826	MmuINT0095936	MmuINT0091930
MmuINT0086653	MmuINT0082019	MmuINT0106713	MmuINT0113474	MmuINT0096104	MmuINT0091931
MmuINT0086701	MmuINT0082180	MmuINT0107101	MmuINT0113560	MmuINT0096107	MmuINT0092307
MmuINT0086964	MmuINT0082388	MmuINT0107613	MmuINT0113798	MmuINT0096218	MmuINT0092446
MmuINT0087254	MmuINT0082539	MmuINT0107881	MmuINT0114554	MmuINT0096243	MmuINT0093302
MmuINT0087262	MmuINT0082954	MmuINT0108548	MmuINT0114939	MmuINT0096287	MmuINT0093324
MmuINT0087340	MmuINT0083436	MmuINT0108788	MmuINT0115010	MmuINT0096291	MmuINT0093556
MmuINT0087708	MmuINT0083522	MmuINT0109344	MmuINT0115212	MmuINT0096862	MmuINT0093891
MmuINT0087709	MmuINT0083838	MmuINT0110049	MmuINT0115236	MmuINT0097116	MmuINT0094189
MmuINT0087744	MmuINT0084517	MmuINT0110119	MmuINT0115272	MmuINT0097119	MmuINT0094590
MmuINT0087753	MmuINT0084596	MmuINT0110412	MmuINT0115769	MmuINT0097483	MmuINT0095135
MmuINT0087827	MmuINT0084690	MmuINT0110426	MmuINT0116114	MmuINT0098059	MmuINT0095183
MmuINT0088001	MmuINT0084732	MmuINT0111838	MmuINT0116267	MmuINT0098194	MmuINT0095195
MmuINT0089364	MmuINT0085260	MmuINT0113498	MmuINT0116269	MmuINT0098662	MmuINT0095866
MmuINT0090500	MmuINT0085297	MmuINT0113499	MmuINT0116835	MmuINT0098714	MmuINT0096245
MmuINT0090646	MmuINT0085313	MmuINT0113831	MmuINT0116974	MmuINT0098758	MmuINT0096572
MmuINT0091007	MmuINT0085470	MmuINT0113914	MmuINT0117474	MmuINT0098779	MmuINT0096573
MmuINT0091149	MmuINT0085479	MmuINT0114191	MmuINT0118273	MmuINT0098858	MmuINT0096592
MmuINT0091426	MmuINT0086222	MmuINT0114223	MmuINT0118504	MmuINT0098972	MmuINT0096962
MmuINT0091508	MmuINT0086961	MmuINT0114485	MmuINT0119363	MmuINT0098999	MmuINT0097106
MmuINT0091741	MmuINT0087617	MmuINT0114749	MmuINT0119420	MmuINT0099379	MmuINT0097115
MmuINT0092043	MmuINT0087958	MmuINT0114881	MmuINT0119458	MmuINT0099473	MmuINT0097344
MmuINT0092335	MmuINT0088368	MmuINT0114947	MmuINT0119575	MmuINT0100177	MmuINT0097414
MmuINT0092831	MmuINT0088425	MmuINT0114981	MmuINT0119576	MmuINT0100326	MmuINT0097841
MmuINT0093088	MmuINT0088621	MmuINT0115419	MmuINT0119681	MmuINT0100736	MmuINT0097979
MmuINT0093155	MmuINT0089002	MmuINT0115741	MmuINT0119851	MmuINT0100782	MmuINT0098007
MmuINT0093523	MmuINT0089643	MmuINT0115844	MmuINT0119874	MmuINT0100833	MmuINT0098106
MmuINT0093838	MmuINT0089845	MmuINT0115865	MmuINT0120957	MmuINT0100867	MmuINT0098600
MmuINT0094481	MmuINT0089860	MmuINT0115892	MmuINT0121033	MmuINT0100878	MmuINT0098868
MmuINT0094547	MmuINT0090588	MmuINT0115926	MmuINT0121118	MmuINT0100930	MmuINT0098987
MmuINT0095290	MmuINT0090914	MmuINT0116749	MmuINT0121944	MmuINT0100947	MmuINT0098989
MmuINT0095444	MmuINT0091387	MmuINT0116882	MmuINT0122280	MmuINT0101156	MmuINT0099098
MmuINT0095922	MmuINT0091422	MmuINT0116966	MmuINT0122790	MmuINT0101228	MmuINT0099664
MmuINT0095923	MmuINT0091518	MmuINT0116967	MmuINT0123226	MmuINT0101465	MmuINT0099887
MmuINT0096199	MmuINT0091592	MmuINT0117338	MmuINT0123505	MmuINT0101478	MmuINT0100344
MmuINT0096244	MmuINT0091718	MmuINT0117409	MmuINT0123520	MmuINT0101488	MmuINT0100766
MmuINT0096842	MmuINT0092086	MmuINT0117976	MmuINT0123854	MmuINT0101634	MmuINT0100938
MmuINT0097195	MmuINT0093017	MmuINT0118139	MmuINT0124539	MmuINT0101918	MmuINT0100998
MmuINT0097543	MmuINT0093056	MmuINT0119179	MmuINT0124691	MmuINT0101928	MmuINT0101176
MmuINT0097586	MmuINT0093071	MmuINT0119233	MmuINT0124719	MmuINT0102083	MmuINT0101692
MmuINT0098006	MmuINT0093530	MmuINT0119429	MmuINT0124722	MmuINT0102754	MmuINT0101719
MmuINT0098020	MmuINT0094443	MmuINT0119574	MmuINT0125441	MmuINT0104085	MmuINT0102711
MmuINT0098044	MmuINT0094914	MmuINT0119914	MmuINT0125609	MmuINT0104317	MmuINT0103150
MmuINT0098129	MmuINT0095226	MmuINT0120033	MmuINT0125853	MmuINT0104332	MmuINT0104015
MmuINT0098262	MmuINT0095344	MmuINT0121180	MmuINT0126629	MmuINT0104972	MmuINT0104510
MmuINT0098663	MmuINT0095534	MmuINT0121501	MmuINT0127086	MmuINT0105105	MmuINT0104923
MmuINT0098728	MmuINT0096072	MmuINT0121579	MmuINT0128094	MmuINT0105335	MmuINT0105354
MmuINT0098753	MmuINT0096083	MmuINT0121698	MmuINT0128350	MmuINT0105756	MmuINT0105378
MmuINT0099655	MmuINT0096091	MmuINT0121905	MmuINT0128445	MmuINT0106129	MmuINT0105771
MmuINT0100111	MmuINT0096219	MmuINT0122024	MmuINT0128492	MmuINT0106205	MmuINT0106204
MmuINT0100121	MmuINT0096656	MmuINT0122543	MmuINT0128519	MmuINT0106804	MmuINT0106371
MmuINT0100742	MmuINT0096973	MmuINT0122651	MmuINT0128535	MmuINT0106990	MmuINT0106638
MmuINT0100871	MmuINT0097141	MmuINT0122979	MmuINT0128843	MmuINT0107058	MmuINT0107056
MmuINT0100890	MmuINT0098008	MmuINT0123037	MmuINT0129041	MmuINT0107114	MmuINT0107073
MmuINT0100978	MmuINT0098102	MmuINT0123129	MmuINT0129704	MmuINT0107491	MmuINT0107151
MmuINT0100996	MmuINT0098128	MmuINT0123435	MmuINT0129705	MmuINT0108251	MmuINT0107340
MmuINT0101022	MmuINT0098239	MmuINT0123959	MmuINT0129967	MmuINT0108393	MmuINT0107489
MmuINT0101451	MmuINT0098252	MmuINT0124176	MmuINT0129977	MmuINT0108980	MmuINT0107490
MmuINT0101545	MmuINT0098863	MmuINT0124395	MmuINT0130236	MmuINT0109023	MmuINT0107540
MmuINT0101725	MmuINT0099031	MmuINT0124434	MmuINT0130238	MmuINT0109462	MmuINT0107806
MmuINT0102021	MmuINT0099267	MmuINT0124435	MmuINT0130540	MmuINT0109471	MmuINT0108070
MmuINT0102141	MmuINT0100150	MmuINT0124486	MmuINT0131007	MmuINT0109496	MmuINT0108438
MmuINT0102240	MmuINT0100271	MmuINT0124768	MmuINT0131208	MmuINT0110250	MmuINT0108971
MmuINT0104017	MmuINT0100320	MmuINT0125020	MmuINT0131836	MmuINT0110337	MmuINT0109048
MmuINT0104198	MmuINT0100340	MmuINT0125193	MmuINT0131997	MmuINT0110513	MmuINT0109083
MmuINT0104840	MmuINT0100484	MmuINT0125725	MmuINT0132339	MmuINT0111053	MmuINT0109128
MmuINT0105362	MmuINT0100546	MmuINT0125752	MmuINT0132345	MmuINT0111451	MmuINT0109347
MmuINT0105582	MmuINT0100760	MmuINT0125940	MmuINT0132437	MmuINT0111600	MmuINT0109647
MmuINT0105692	MmuINT0100784	MmuINT0126087	MmuINT0132747	MmuINT0111945	MmuINT0110153
MmuINT0106302	MmuINT0100894	MmuINT0126162	MmuINT0134200	MmuINT0112121	MmuINT0110252
MmuINT0106589	MmuINT0101261	MmuINT0126263	MmuINT0134231	MmuINT0112411	MmuINT0110346
MmuINT0106768	MmuINT0101417	MmuINT0126586	MmuINT0134663	MmuINT0113454	MmuINT0110502
MmuINT0107049	MmuINT0101556	MmuINT0126794	MmuINT0135068	MmuINT0113566	MmuINT0110512
MmuINT0107063	MmuINT0101607	MmuINT0126992	MmuINT0135072	MmuINT0113570	MmuINT0110621
MmuINT0107143	MmuINT0102190	MmuINT0128618	MmuINT0136014	MmuINT0113655	MmuINT0111083
MmuINT0107482	MmuINT0103219	MmuINT0129799	MmuINT0136873	MmuINT0114115	MmuINT0111784
MmuINT0107494	MmuINT0103239	MmuINT0130585	MmuINT0137255	MmuINT0114737	MmuINT0111931
MmuINT0107880	MmuINT0103735	MmuINT0130714	MmuINT0137299	MmuINT0114938	MmuINT0112191
MmuINT0107882	MmuINT0103993	MmuINT0131716	MmuINT0137474	MmuINT0114983	MmuINT0112429
MmuINT0108334	MmuINT0104101	MmuINT0131776	MmuINT0137482	MmuINT0115109	MmuINT0112697
MmuINT0108454	MmuINT0104421	MmuINT0131898	MmuINT0137972	MmuINT0115202	MmuINT0112981
MmuINT0108672	MmuINT0104431	MmuINT0132300	MmuINT0138402	MmuINT0115283	MmuINT0113453
MmuINT0108722	MmuINT0105436	MmuINT0132503	MmuINT0138867	MmuINT0115360	MmuINT0113774
MmuINT0108876	MmuINT0105556	MmuINT0132942	MmuINT0139116	MmuINT0116078	MmuINT0114084
MmuINT0108976	MmuINT0105755	MmuINT0133169	MmuINT0139197	MmuINT0116134	MmuINT0114642
MmuINT0108977	MmuINT0105851	MmuINT0133411	MmuINT0140078	MmuINT0116210	MmuINT0114647
MmuINT0109024	MmuINT0106230	MmuINT0133429	MmuINT0140134	MmuINT0116234	MmuINT0114739
MmuINT0109345	MmuINT0106326	MmuINT0133440	MmuINT0140229	MmuINT0116904	MmuINT0114930
MmuINT0109473	MmuINT0106544	MmuINT0133515	MmuINT0140747	MmuINT0116973	MmuINT0115053
MmuINT0109570	MmuINT0107348	MmuINT0133672	MmuINT0141449	MmuINT0117416	MmuINT0115102
MmuINT0110334	MmuINT0107390	MmuINT0133776	MmuINT0141480	MmuINT0117593	MmuINT0115625
MmuINT0110636	MmuINT0107558	MmuINT0133921	MmuINT0141638	MmuINT0117970	MmuINT0116075
MmuINT0111398	MmuINT0108250	MmuINT0134332	MmuINT0141660	MmuINT0118137	MmuINT0116096
MmuINT0111549	MmuINT0108258	MmuINT0135477	MmuINT0142899	MmuINT0118698	MmuINT0116111
MmuINT0111551	MmuINT0108273	MmuINT0135498	MmuINT0142906	MmuINT0119379	MmuINT0117581
MmuINT0111599	MmuINT0108483	MmuINT0135637	MmuINT0144072	MmuINT0119452	MmuINT0117591
MmuINT0111644	MmuINT0108734	MmuINT0135717	MmuINT0144308	MmuINT0119915	MmuINT0118403
MmuINT0112017	MmuINT0108791	MmuINT0135940	MmuINT0144407	MmuINT0120063	MmuINT0118511
MmuINT0112020	MmuINT0109080	MmuINT0136247	MmuINT0144845	MmuINT0120962	MmuINT0118512
MmuINT0112025	MmuINT0109081	MmuINT0136467	MmuINT0145129	MmuINT0121667	MmuINT0118673
MmuINT0112026	MmuINT0109308	MmuINT0136955	MmuINT0145429	MmuINT0121880	MmuINT0119030
MmuINT0112382	MmuINT0110226	MmuINT0137403	MmuINT0145611	MmuINT0121971	MmuINT0119476
MmuINT0112919	MmuINT0110332	MmuINT0137639	MmuINT0145641	MmuINT0122428	MmuINT0119554
MmuINT0112982	MmuINT0110410	MmuINT0137680	MmuINT0145734	MmuINT0122437	MmuINT0119578
MmuINT0113293	MmuINT0110503	MmuINT0138870	MmuINT0145888	MmuINT0122813	MmuINT0119637
MmuINT0113508	MmuINT0110604	MmuINT0139219	MmuINT0145963	MmuINT0123876	MmuINT0119727
MmuINT0113608	MmuINT0110639	MmuINT0139363	MmuINT0146055	MmuINT0123938	MmuINT0119852
MmuINT0113754	MmuINT0110640	MmuINT0139400	MmuINT0146856	MmuINT0124027	MmuINT0119933
MmuINT0114078	MmuINT0110641	MmuINT0140144	MmuINT0146889	MmuINT0124062	MmuINT0120221
MmuINT0114149	MmuINT0110642	MmuINT0140196	MmuINT0146911	MmuINT0124450	MmuINT0120243
MmuINT0114208	MmuINT0110706	MmuINT0140238	MmuINT0146912	MmuINT0124497	MmuINT0120777
MmuINT0114638	MmuINT0110978	MmuINT0140532	MmuINT0146929	MmuINT0124681	MmuINT0121206
MmuINT0114639	MmuINT0111087	MmuINT0140543	MmuINT0147661	MmuINT0124905	MmuINT0121212
MmuINT0114850	MmuINT0111239	MmuINT0140596	MmuINT0148147	MmuINT0125246	MmuINT0122140
MmuINT0115090	MmuINT0111526	MmuINT0141185	MmuINT0148390	MmuINT0125328	MmuINT0122272
MmuINT0115336	MmuINT0112027	MmuINT0142084	MmuINT0148405	MmuINT0125393	MmuINT0122806
MmuINT0115414	MmuINT0112120	MmuINT0142449	MmuINT0148484	MmuINT0125648	MmuINT0123127
MmuINT0115422	MmuINT0112130	MmuINT0143545	MmuINT0148920	MmuINT0125778	MmuINT0123130
MmuINT0115492	MmuINT0112189	MmuINT0143676	MmuINT0149172	MmuINT0125872	MmuINT0123614
MmuINT0115511	MmuINT0113278	MmuINT0143818	MmuINT0149456	MmuINT0125965	MmuINT0123874
MmuINT0115650	MmuINT0113429	MmuINT0143865	MmuINT0149516	MmuINT0126115	MmuINT0123935
MmuINT0115813	MmuINT0113517	MmuINT0144093	MmuINT0149525	MmuINT0126211	MmuINT0124251
MmuINT0115956	MmuINT0114080	MmuINT0144285	MmuINT0149783	MmuINT0126379	MmuINT0124786
MmuINT0115961	MmuINT0114491	MmuINT0146048	MmuINT0149871	MmuINT0126627	MmuINT0124854
MmuINT0115975	MmuINT0114651	MmuINT0146169	MmuINT0149968	MmuINT0127053	MmuINT0124964
MmuINT0116256	MmuINT0114742	MmuINT0146351	MmuINT0149998	MmuINT0127322	MmuINT0124969
MmuINT0116591	MmuINT0115179	MmuINT0146559	MmuINT0150180	MmuINT0127854	MmuINT0125302
MmuINT0116784	MmuINT0115234	MmuINT0147541	MmuINT0150245	MmuINT0128099	MmuINT0125389
MmuINT0117315	MmuINT0115323	MmuINT0147880	MmuINT0150569	MmuINT0128337	MmuINT0125434
MmuINT0117571	MmuINT0115327	MmuINT0147948	MmuINT0151737	MmuINT0128369	MmuINT0125463
MmuINT0117577	MmuINT0115649	MmuINT0148146	MmuINT0152088	MmuINT0128817	MmuINT0125878
MmuINT0118046	MmuINT0116080	MmuINT0148160	MmuINT0152241	MmuINT0129257	MmuINT0125937
MmuINT0118274	MmuINT0116676	MmuINT0148493	MmuINT0152282	MmuINT0129969	MmuINT0126156
MmuINT0118513	MmuINT0116720	MmuINT0148599	MmuINT0152467	MmuINT0130201	MmuINT0126634
MmuINT0118583	MmuINT0116723	MmuINT0148696	MmuINT0152639	MmuINT0130286	MmuINT0126829
MmuINT0118686	MmuINT0116975	MmuINT0148786	MmuINT0152708	MmuINT0130308	MmuINT0127260
MmuINT0119074	MmuINT0117570	MmuINT0149395	MmuINT0152764	MmuINT0130593	MmuINT0127718
MmuINT0119839	MmuINT0117573	MmuINT0149465	MmuINT0152886	MmuINT0130827	MmuINT0127855
MmuINT0119844	MmuINT0117705	MmuINT0149485	MmuINT0153028	MmuINT0130871	MmuINT0127889
MmuINT0120336	MmuINT0117839	MmuINT0149630	MmuINT0153767	MmuINT0131030	MmuINT0128278
MmuINT0120790	MmuINT0118283	MmuINT0149817	MmuINT0153782	MmuINT0131333	MmuINT0128298
MmuINT0120953	MmuINT0118284	MmuINT0149985	MmuINT0153871	MmuINT0131517	MmuINT0128330
MmuINT0121213	MmuINT0118797	MmuINT0150001	MmuINT0154880	MmuINT0131539	MmuINT0128456
MmuINT0121504	MmuINT0118896	MmuINT0150050	MmuINT0155056	MmuINT0131848	MmuINT0128939
MmuINT0121668	MmuINT0119076	MmuINT0150214	MmuINT0155248	MmuINT0131911	MmuINT0129360
MmuINT0121840	MmuINT0119191	MmuINT0150288	MmuINT0155256	MmuINT0131959	MmuINT0129796
MmuINT0122801	MmuINT0119229	MmuINT0150402	MmuINT0155502	MmuINT0131993	MmuINT0130317
MmuINT0122909	MmuINT0119230	MmuINT0151087	MmuINT0155701	MmuINT0132336	MmuINT0130504
MmuINT0123293	MmuINT0119572	MmuINT0151481	MmuINT0156248	MmuINT0132436	MmuINT0130570
MmuINT0123443	MmuINT0119705	MmuINT0152314	MmuINT0156273	MmuINT0132464	MmuINT0130575
MmuINT0123451	MmuINT0120545	MmuINT0152333	MmuINT0156297	MmuINT0132533	MmuINT0130666
MmuINT0123745	MmuINT0120920	MmuINT0152770	MmuINT0156801	MmuINT0132751	MmuINT0130855
MmuINT0123925	MmuINT0120925	MmuINT0153797	MmuINT0157208	MmuINT0133372	MmuINT0130997
MmuINT0123973	MmuINT0120943	MmuINT0154002	MmuINT0157275	MmuINT0133838	MmuINT0131341
MmuINT0124297	MmuINT0121714	MmuINT0154003	MmuINT0157283	MmuINT0133871	MmuINT0131847
MmuINT0124302	MmuINT0121876	MmuINT0154202	MmuINT0158521	MmuINT0133892	MmuINT0132302
MmuINT0124433	MmuINT0122010	MmuINT0154254	MmuINT0158828	MmuINT0134070	MmuINT0132554
MmuINT0124698	MmuINT0122925	MmuINT0154523	MmuINT0159026	MmuINT0134576	MmuINT0132871
MmuINT0125029	MmuINT0123089	MmuINT0154640	MmuINT0159901	MmuINT0134688	MmuINT0133170
MmuINT0125334	MmuINT0123286	MmuINT0154862	MmuINT0160213	MmuINT0134789	MmuINT0133202
MmuINT0125383	MmuINT0123497	MmuINT0154936	MmuINT0161162	MmuINT0134797	MmuINT0133369
MmuINT0125392	MmuINT0123573	MmuINT0154946	MmuINT0161508	MmuINT0134857	MmuINT0133447
MmuINT0125440	MmuINT0123595	MmuINT0155088	MmuINT0162811	MmuINT0134897	MmuINT0133682
MmuINT0125454	MmuINT0123668	MmuINT0155339	MmuINT0162829	MmuINT0135219	MmuINT0133953
MmuINT0125614	MmuINT0123870	MmuINT0155354	MmuINT0162858	MmuINT0135475	MmuINT0134075
MmuINT0125617	MmuINT0123958	MmuINT0155997	MmuINT0163790	MmuINT0135664	MmuINT0134134
MmuINT0126422	MmuINT0124170	MmuINT0156005	MmuINT0164215	MmuINT0135687	MmuINT0134572
MmuINT0126454	MmuINT0124174	MmuINT0156634	MmuINT0164575	MmuINT0135913	MmuINT0135262
MmuINT0126882	MmuINT0124294	MmuINT0156829	MmuINT0164608	MmuINT0136049	MmuINT0135337
MmuINT0127928	MmuINT0124412	MmuINT0157209	MmuINT0164629	MmuINT0136122	MmuINT0135542
MmuINT0128102	MmuINT0124674	MmuINT0157297	MmuINT0164669	MmuINT0136392	MmuINT0135759
MmuINT0128113	MmuINT0124705	MmuINT0158294	MmuINT0164949	MmuINT0136417	MmuINT0135993
MmuINT0128163	MmuINT0124852	MmuINT0158849	MmuINT0165237	MmuINT0136807	MmuINT0136157
MmuINT0128757	MmuINT0125039	MmuINT0158910	MmuINT0165667	MmuINT0137138	MmuINT0136303
MmuINT0128825	MmuINT0125286	MmuINT0159003	MmuINT0166467	MmuINT0137149	MmuINT0136445
MmuINT0128926	MmuINT0125373	MmuINT0159125	MmuINT0166510	MmuINT0137384	MmuINT0136969
MmuINT0129794	MmuINT0125750	MmuINT0159410	MmuINT0167251	MmuINT0137618	MmuINT0137044
MmuINT0130109	MmuINT0125902	MmuINT0159458	MmuINT0167568	MmuINT0137827	MmuINT0137179
MmuINT0130334	MmuINT0126793	MmuINT0159667	MmuINT0167572	MmuINT0138754	MmuINT0137180
MmuINT0130432	MmuINT0127036	MmuINT0159819	MmuINT0167594	MmuINT0138864	MmuINT0137716
MmuINT0130437	MmuINT0127199	MmuINT0160205	MmuINT0168667	MmuINT0138881	MmuINT0137861
MmuINT0130580	MmuINT0127712	MmuINT0160550	MmuINT0169183	MmuINT0138956	MmuINT0138882
MmuINT0130774	MmuINT0127856	MmuINT0160751	MmuINT0169270	MmuINT0139189	MmuINT0139233
MmuINT0130901	MmuINT0127901	MmuINT0160795	MmuINT0169934	MmuINT0140064	MmuINT0139364
MmuINT0131164	MmuINT0128103	MmuINT0160904	MmuINT0170605	MmuINT0140587	MmuINT0139366
MmuINT0131472	MmuINT0128214	MmuINT0160914	MmuINT0170938	MmuINT0140593	MmuINT0139425
MmuINT0131524	MmuINT0128284	MmuINT0161093	MmuINT0171661	MmuINT0140843	MmuINT0139488
MmuINT0132249	MmuINT0128596	MmuINT0161115	MmuINT0171930	MmuINT0140966	MmuINT0140061
MmuINT0132526	MmuINT0129039	MmuINT0161157	MmuINT0172509	MmuINT0141284	MmuINT0140605
MmuINT0132528	MmuINT0129672	MmuINT0161164	MmuINT0172793	MmuINT0141408	MmuINT0140615
MmuINT0132547	MmuINT0129930	MmuINT0161309	MmuINT0173587	MmuINT0141809	MmuINT0140712
MmuINT0132919	MmuINT0129971	MmuINT0161909	MmuINT0174363	MmuINT0142026	MmuINT0140713
MmuINT0132952	MmuINT0129972	MmuINT0162014	MmuINT0174540	MmuINT0142793	MmuINT0141354
MmuINT0133426	MmuINT0130112	MmuINT0162064	MmuINT0175023	MmuINT0144068	MmuINT0141381
MmuINT0133531	MmuINT0130124	MmuINT0162093	MmuINT0176458	MmuINT0144073	MmuINT0141966
MmuINT0133715	MmuINT0130259	MmuINT0163788	MmuINT0176919	MmuINT0144268	MmuINT0142216
MmuINT0133802	MmuINT0130418	MmuINT0165356	MmuINT0176978	MmuINT0144383	MmuINT0142458
MmuINT0134135	MmuINT0130663	MmuINT0165641	MmuINT0178346	MmuINT0144426	MmuINT0143223
MmuINT0134480	MmuINT0130693	MmuINT0166674	MmuINT0178543	MmuINT0145020	MmuINT0143458
MmuINT0134517	MmuINT0130884	MmuINT0167168	MmuINT0178647	MmuINT0145050	MmuINT0143873
MmuINT0134600	MmuINT0130906	MmuINT0168137	MmuINT0178832	MmuINT0145247	MmuINT0143966
MmuINT0135102	MmuINT0131047	MmuINT0168432	MmuINT0179346	MmuINT0145274	MmuINT0143967
MmuINT0135331	MmuINT0131458	MmuINT0168659	MmuINT0179352	MmuINT0145443	MmuINT0144582
MmuINT0135636	MmuINT0131764	MmuINT0169006	MmuINT0179585	MmuINT0145450	MmuINT0144820
MmuINT0135775	MmuINT0131765	MmuINT0169479	MmuINT0180608	MmuINT0145494	MmuINT0145123
MmuINT0135847	MmuINT0131892	MmuINT0169801	MmuINT0180672	MmuINT0145569	MmuINT0145337
MmuINT0135912	MmuINT0131994	MmuINT0170050	MmuINT0180837	MmuINT0145596	MmuINT0146050
MmuINT0135915	MmuINT0132007	MmuINT0170149	MmuINT1000892	MmuINT0146188	MmuINT0146053
MmuINT0135926	MmuINT0132550	MmuINT0170152	MmuINT1001073	MmuINT0146259	MmuINT0146661
MmuINT0136021	MmuINT0132808	MmuINT0170226	MmuINT1002334	MmuINT0146697	MmuINT0146801
MmuINT0136301	MmuINT0133188	MmuINT0171162	MmuINT1004286	MmuINT0146774	MmuINT0146888
MmuINT0136396	MmuINT0133645	MmuINT0171164	MmuINT1004723	MmuINT0147127	MmuINT0147275
MmuINT0136789	MmuINT0133912	MmuINT0171306	MmuINT1005162	MmuINT0148502	MmuINT0147873
MmuINT0136900	MmuINT0133932	MmuINT0171384	MmuINT1005759	MmuINT0148813	MmuINT0148163
MmuINT0137045	MmuINT0133952	MmuINT0171386	MmuINT1006636	MmuINT0149400	MmuINT0148487
MmuINT0137268	MmuINT0134076	MmuINT0171592	MmuINT1006646	MmuINT0149481	MmuINT0148593
MmuINT0137504	MmuINT0134139	MmuINT0171611	MmuINT1007139	MmuINT0149595	MmuINT0148708
MmuINT0137633	MmuINT0134158	MmuINT0171929	MmuINT1007207	MmuINT0149880	MmuINT0148784
MmuINT0137722	MmuINT0134228	MmuINT0172604	MmuINT1007220	MmuINT0149936	MmuINT0149303
MmuINT0137838	MmuINT0134333	MmuINT0172615	MmuINT1007489	MmuINT0150114	MmuINT0149406
MmuINT0138984	MmuINT0134601	MmuINT0173297	MmuINT1007528	MmuINT0150579	MmuINT0149718
MmuINT0139562	MmuINT0135136	MmuINT0173703	MmuINT1007586	MmuINT0150786	MmuINT0149816
MmuINT0140199	MmuINT0135216	MmuINT0174308	MmuINT1008371	MmuINT0151252	MmuINT0150047
MmuINT0140223	MmuINT0135286	MmuINT0174364	MmuINT1008441	MmuINT0152628	MmuINT0150562
MmuINT0140405	MmuINT0135449	MmuINT0174933	MmuINT1008635	MmuINT0152782	MmuINT0150793
MmuINT0140969	MmuINT0135549	MmuINT0175501	MmuINT1008920	MmuINT0152844	MmuINT0151075
MmuINT0141190	MmuINT0135655	MmuINT0175946	MmuINT1009389	MmuINT0153027	MmuINT0151078
MmuINT0141491	MmuINT0135744	MmuINT0176001	MmuINT1009655	MmuINT0153585	MmuINT0151599
MmuINT0141495	MmuINT0135809	MmuINT0176357	MmuINT1010116	MmuINT0153751	MmuINT0151617
MmuINT0142027	MmuINT0135822	MmuINT0176507	MmuINT1010245	MmuINT0153873	MmuINT0152138
MmuINT0142068	MmuINT0135831	MmuINT0176848	MmuINT1010336	MmuINT0153903	MmuINT0152396
MmuINT0142330	MmuINT0135880	MmuINT0177276	MmuINT1010577	MmuINT0154000	MmuINT0152472
MmuINT0142346	MmuINT0135884	MmuINT0177356	MmuINT1010653	MmuINT0154326	MmuINT0154106
MmuINT0142539	MmuINT0135894	MmuINT0177680	MmuINT1010684	MmuINT0154413	MmuINT0154158
MmuINT0142903	MmuINT0135916	MmuINT0177733	MmuINT1010706	MmuINT0154461	MmuINT0154197
MmuINT0142949	MmuINT0136299	MmuINT0178199	MmuINT1010875	MmuINT0154721	MmuINT0154556
MmuINT0143078	MmuINT0137110	MmuINT0178253	MmuINT1010919	MmuINT0155510	MmuINT0154755
MmuINT0143200	MmuINT0137151	MmuINT0178302	MmuINT1012625	MmuINT0155547	MmuINT0154935
MmuINT0143380	MmuINT0137398	MmuINT0178572	MmuINT1013115	MmuINT0156045	MmuINT0155157
MmuINT0143492	MmuINT0137571	MmuINT0178650	MmuINT1013269	MmuINT0156170	MmuINT0155683
MmuINT0143790	MmuINT0138022	MmuINT0178739	MmuINT1013546	MmuINT0156878	MmuINT0155700
MmuINT0144412	MmuINT0138147	MmuINT0179190	MmuINT1013882	MmuINT0157023	MmuINT0155901
MmuINT0145514	MmuINT0138700	MmuINT0179208	MmuINT1018054	MmuINT0157170	MmuINT0155926
MmuINT0145893	MmuINT0138748	MmuINT0179573	MmuINT1019661	MmuINT0157234	MmuINT0156514
MmuINT0146812	MmuINT0138751	MmuINT0179660	MmuINT1019935	MmuINT0157483	MmuINT0156644
MmuINT0146928	MmuINT0138866	MmuINT0180101	MmuINT1019939	MmuINT0157648	MmuINT0157066
MmuINT0147133	MmuINT0138880	MmuINT0180175	MmuINT1019945	MmuINT0157798	MmuINT0157501
MmuINT0147231	MmuINT0138894	MmuINT0180183	MmuINT1019951	MmuINT0158088	MmuINT0157512
MmuINT0147271	MmuINT0139033	MmuINT0180372	MmuINT1019970	MmuINT0158207	MmuINT0157660
MmuINT0147730	MmuINT0139153	MmuINT0180707	MmuINT1020428	MmuINT0158400	MmuINT0157766
MmuINT0147949	MmuINT0139182	MmuINT0180711	MmuINT1020518	MmuINT0158415	MmuINT0157769
MmuINT0148148	MmuINT0139184	MmuINT0180788	MmuINT1020548	MmuINT0158519	MmuINT0157796
MmuINT0148151	MmuINT0139577	MmuINT0180935	MmuINT1020802	MmuINT0158999	MmuINT0157937
MmuINT0148385	MmuINT0139578	MmuINT1000929	MmuINT1020927	MmuINT0159007	MmuINT0158255
MmuINT0148689	MmuINT0140074	MmuINT1000984	MmuINT1021552	MmuINT0159127	MmuINT0158526
MmuINT0149039	MmuINT0140104	MmuINT1001043	MmuINT1021560	MmuINT0159222	MmuINT0158551
MmuINT0149512	MmuINT0140228	MmuINT1001147	MmuINT1021563	MmuINT0159378	MmuINT0158558
MmuINT0149589	MmuINT0140386	MmuINT1001445	MmuINT1021567	MmuINT0159382	MmuINT0158622
MmuINT0149590	MmuINT0140392	MmuINT1001499	MmuINT1021764	MmuINT0159789	MmuINT0158629
MmuINT0149814	MmuINT0140398	MmuINT1001590	MmuINT1021878	MmuINT0159907	MmuINT0159413
MmuINT0150091	MmuINT0140607	MmuINT1002600	MmuINT1022061	MmuINT0160039	MmuINT0160053
MmuINT0151162	MmuINT0140660	MmuINT1003066	MmuINT1022483	MmuINT0160042	MmuINT0160057
MmuINT0152312	MmuINT0140752	MmuINT1003354	MmuINT1022592	MmuINT0160132	MmuINT0160559
MmuINT0153591	MmuINT0141447	MmuINT1003626	MmuINT1022735	MmuINT0160233	MmuINT0160560
MmuINT0153936	MmuINT0141810	MmuINT1003837	MmuINT1022893	MmuINT0160324	MmuINT0160847
MmuINT0153999	MmuINT0141985	MmuINT1004392	MmuINT1022904	MmuINT0160336	MmuINT0161100
MmuINT0154023	MmuINT0141986	MmuINT1004808	MmuINT1022988	MmuINT0160437	MmuINT0161213
MmuINT0154201	MmuINT0142183	MmuINT1005026	MmuINT1022989	MmuINT0160542	MmuINT0161685
MmuINT0154629	MmuINT0142399	MmuINT1005035	MmuINT1023256	MmuINT0160876	MmuINT0161925
MmuINT0154653	MmuINT0142430	MmuINT1005198	MmuINT1023387	MmuINT0161099	MmuINT0161951
MmuINT0155305	MmuINT0142993	MmuINT1005452	MmuINT1023571	MmuINT0161110	MmuINT0162243
MmuINT0155327	MmuINT0143875	MmuINT1005912	MmuINT1023600	MmuINT0161111	MmuINT0162386
MmuINT0155915	MmuINT0143986	MmuINT1006188	MmuINT1023767	MmuINT0161285	MmuINT0162401
MmuINT0156120	MmuINT0144071	MmuINT1006348	MmuINT1024165	MmuINT0161320	MmuINT0162571
MmuINT0156302	MmuINT0144428	MmuINT1006408	MmuINT1024214	MmuINT0161337	MmuINT0162581
MmuINT0156458	MmuINT0145150	MmuINT1006437	MmuINT1024364	MmuINT0161345	MmuINT0163116
MmuINT0156505	MmuINT0145740	MmuINT1006526	MmuINT1024503	MmuINT0161455	MmuINT0163794
MmuINT0156543	MmuINT0146688	MmuINT1006586	MmuINT1024626	MmuINT0161628	MmuINT0164340
MmuINT0156853	MmuINT0146702	MmuINT1006627	MmuINT1025985	MmuINT0161796	MmuINT0164606
MmuINT0157298	MmuINT0146817	MmuINT1007090	MmuINT1026047	MmuINT0161798	MmuINT0165083
MmuINT0157445	MmuINT0147001	MmuINT1007403	MmuINT1026264	MmuINT0161968	MmuINT0165169
MmuINT0157495	MmuINT0147264	MmuINT1007488	MmuINT1026364	MmuINT0162188	MmuINT0165354
MmuINT0157795	MmuINT0147265	MmuINT1007523	MmuINT1027140	MmuINT0162384	MmuINT0165459
MmuINT0157797	MmuINT0147874	MmuINT1007540	MmuINT1027344	MmuINT0162847	MmuINT0165827
MmuINT0157885	MmuINT0148407	MmuINT1007898	MmuINT1027835	MmuINT0163264	MmuINT0166550
MmuINT0157939	MmuINT0148504	MmuINT1007945	MmuINT1028320	MmuINT0163719	MmuINT0166606
MmuINT0158016	MmuINT0148698	MmuINT1009461	MmuINT1029387	MmuINT0163957	MmuINT0166657
MmuINT0158087	MmuINT0148781	MmuINT1009462	MmuINT1029453	MmuINT0164138	MmuINT0166780
MmuINT0158626	MmuINT0149218	MmuINT1009872	MmuINT1029581	MmuINT0164191	MmuINT0166782
MmuINT0158819	MmuINT0149304	MmuINT1009918	MmuINT1029606	MmuINT0165080	MmuINT0166821
MmuINT0159196	MmuINT0149572	MmuINT1010041	MmuINT1029720	MmuINT0165094	MmuINT0166956
MmuINT0159474	MmuINT0149987	MmuINT1010085	MmuINT1030090	MmuINT0165175	MmuINT0167285
MmuINT0159591	MmuINT0150033	MmuINT1010434	MmuINT1030130	MmuINT0165186	MmuINT0167634
MmuINT0159595	MmuINT0150581	MmuINT1010739	MmuINT1030146	MmuINT0165600	MmuINT0168128
MmuINT0159644	MmuINT0150693	MmuINT1010885	MmuINT1030399	MmuINT0165631	MmuINT0168149
MmuINT0159676	MmuINT0150694	MmuINT1010931	MmuINT1030409	MmuINT0165725	MmuINT0168165
MmuINT0159894	MmuINT0152185	MmuINT1011090	MmuINT1031066	MmuINT0165736	MmuINT0168166
MmuINT0159969	MmuINT0152300	MmuINT1011360	MmuINT1031093	MmuINT0166165	MmuINT0168323
MmuINT0160334	MmuINT0152316	MmuINT1012852	MmuINT1031136	MmuINT0166655	MmuINT0169012
MmuINT0160441	MmuINT0152394	MmuINT1013653	MmuINT1031782	MmuINT0167447	MmuINT0169016
MmuINT0160548	MmuINT0152667	MmuINT1013858	MmuINT1031793	MmuINT0168119	MmuINT0169019
MmuINT0160551	MmuINT0153508	MmuINT1015129	MmuINT1031929	MmuINT0168138	MmuINT0169390
MmuINT0160791	MmuINT0153590	MmuINT1016407	MmuINT1032082	MmuINT0168364	MmuINT0169414
MmuINT0160913	MmuINT0153906	MmuINT1018719	MmuINT1032203	MmuINT0168443	MmuINT0169523
MmuINT0161009	MmuINT0154147	MmuINT1019938	MmuINT1032207	MmuINT0168565	MmuINT0169815
MmuINT0161274	MmuINT0154601	MmuINT1020052	MmuINT1032209	MmuINT0168821	MmuINT0170058
MmuINT0161315	MmuINT0154769	MmuINT1020139	MmuINT1032331	MmuINT0169076	MmuINT0170205
MmuINT0161497	MmuINT0154793	MmuINT1020282	MmuINT1032343	MmuINT0169201	MmuINT0170206
MmuINT0161557	MmuINT0154835	MmuINT1020423	MmuINT1032480	MmuINT0169854	MmuINT0170461
MmuINT0162056	MmuINT0154856	MmuINT1020432	MmuINT1032526	MmuINT0170183	MmuINT0170744
MmuINT0162238	MmuINT0155321	MmuINT1020692	MmuINT1032695	MmuINT0170225	MmuINT0170770
MmuINT0162257	MmuINT0155570	MmuINT1020702	MmuINT1032698	MmuINT0170840	MmuINT0170821
MmuINT0162419	MmuINT0155890	MmuINT1021100	MmuINT1032725	MmuINT0170914	MmuINT0170822
MmuINT0162496	MmuINT0155980	MmuINT1021474	MmuINT1032770	MmuINT0170972	MmuINT0170864
MmuINT0162578	MmuINT0156294	MmuINT1021515	MmuINT1032842	MmuINT0171160	MmuINT0171058
MmuINT0163284	MmuINT0156299	MmuINT1021673	MmuINT1033063	MmuINT0171161	MmuINT0171593
MmuINT0163720	MmuINT0156329	MmuINT1021779	MmuINT1033319	MmuINT0171421	MmuINT0171900
MmuINT0163778	MmuINT0156502	MmuINT1022179	MmuINT1033601	MmuINT0171429	MmuINT0172030
MmuINT0163825	MmuINT0156614	MmuINT1022646	MmuINT1033611	MmuINT0171560	MmuINT0172112
MmuINT0163887	MmuINT0156758	MmuINT1022950	MmuINT1033838	MmuINT0171984	MmuINT0174048
MmuINT0163997	MmuINT0156851	MmuINT1023000	MmuINT1034096	MmuINT0172286	MmuINT0174772
MmuINT0164676	MmuINT0156986	MmuINT1023353	MmuINT1034313	MmuINT0172506	MmuINT0175343
MmuINT0165726	MmuINT0157071	MmuINT1023828	MmuINT1034504	MmuINT0172507	MmuINT0175706
MmuINT0165939	MmuINT0157284	MmuINT1023844	MmuINT1035096	MmuINT0172601	MmuINT0175738
MmuINT0166521	MmuINT0157392	MmuINT1023970	MmuINT1035388	MmuINT0172602	MmuINT0175811
MmuINT0167088	MmuINT0157482	MmuINT1024261	MmuINT1035410	MmuINT0172920	MmuINT0175908
MmuINT0167243	MmuINT0157593	MmuINT1026212	MmuINT1035656	MmuINT0173540	MmuINT0176004
MmuINT0167336	MmuINT0157698	MmuINT1026235	MmuINT1035685	MmuINT0173916	MmuINT0176202
MmuINT0167375	MmuINT0157756	MmuINT1026355	MmuINT1035967	MmuINT0174352	MmuINT0176999
MmuINT0167389	MmuINT0158202	MmuINT1026395		MmuINT0174919	MmuINT0177010
MmuINT0167438	MmuINT0158417	MmuINT1026562		MmuINT0175002	MmuINT0177377
MmuINT0167497	MmuINT0158501	MmuINT1026591		MmuINT0175044	MmuINT0177732
MmuINT0168457	MmuINT0158633	MmuINT1026819		MmuINT0175066	MmuINT0177764
MmuINT0168484	MmuINT0158637	MmuINT1026825		MmuINT0175520	MmuINT0178198
MmuINT0168525	MmuINT0159228	MmuINT1026983		MmuINT0175704	MmuINT0178276
MmuINT0168937	MmuINT0159807	MmuINT1027227		MmuINT0176470	MmuINT0178313
MmuINT0169257	MmuINT0160318	MmuINT1027378		MmuINT0177033	MmuINT0178658
MmuINT0169320	MmuINT0160470	MmuINT1027410		MmuINT0177078	MmuINT0178948
MmuINT0169369	MmuINT0160475	MmuINT1027462		MmuINT0177367	MmuINT0179516
MmuINT0169786	MmuINT0161247	MmuINT1027484		MmuINT0177378	MmuINT0179989
MmuINT0170451	MmuINT0161331	MmuINT1027620		MmuINT0177600	MmuINT0180449
MmuINT0170574	MmuINT0161374	MmuINT1028594		MmuINT0177640	MmuINT0180738
MmuINT0170727	MmuINT0161582	MmuINT1029494		MmuINT0178150	MmuINT0180819
MmuINT0170830	MmuINT0161661	MmuINT1029527		MmuINT0178553	MmuINT0180846
MmuINT0170961	MmuINT0162267	MmuINT1029567		MmuINT0178557	MmuINT1000019
MmuINT0171057	MmuINT0162535	MmuINT1029947		MmuINT0179034	MmuINT1000419
MmuINT0171067	MmuINT0162853	MmuINT1030077		MmuINT0179188	MmuINT1000797
MmuINT0171327	MmuINT0163919	MmuINT1030102		MmuINT0179241	MmuINT1000915
MmuINT0171428	MmuINT0164464	MmuINT1030109		MmuINT0179280	MmuINT1001102
MmuINT0172005	MmuINT0164536	MmuINT1030296		MmuINT0179419	MmuINT1001229
MmuINT0172113	MmuINT0164793	MmuINT1030328		MmuINT0179430	MmuINT1001291
MmuINT0172249	MmuINT0165529	MmuINT1030378		MmuINT0180366	MmuINT1001835
MmuINT0172251	MmuINT0165708	MmuINT1030568		MmuINT0180532	MmuINT1002076
MmuINT0172558	MmuINT0165722	MmuINT1030669		MmuINT0180723	MmuINT1002143
MmuINT0172606	MmuINT0165749	MmuINT1030787		MmuINT1000120	MmuINT1003005
MmuINT0172705	MmuINT0165815	MmuINT1030852		MmuINT1000332	MmuINT1003362
MmuINT0172883	MmuINT0166538	MmuINT1031122		MmuINT1000664	MmuINT1003380
MmuINT0173614	MmuINT0166660	MmuINT1031402		MmuINT1001148	MmuINT1003926
MmuINT0173870	MmuINT0166716	MmuINT1031964		MmuINT1001219	MmuINT1003939
MmuINT0173934	MmuINT0167328	MmuINT1032175		MmuINT1001361	MmuINT1004000
MmuINT0174074	MmuINT0167435	MmuINT1032722		MmuINT1002980	MmuINT1004174
MmuINT0174198	MmuINT0167520	MmuINT1032767		MmuINT1003074	MmuINT1004488
MmuINT0174948	MmuINT0167569	MmuINT1032772		MmuINT1003627	MmuINT1004516
MmuINT0174999	MmuINT0168025	MmuINT1032997		MmuINT1004050	MmuINT1004556
MmuINT0175280	MmuINT0168142	MmuINT1033136		MmuINT1004170	MmuINT1004612
MmuINT0175868	MmuINT0168159	MmuINT1033160		MmuINT1004569	MmuINT1004629
MmuINT0175977	MmuINT0168337	MmuINT1033282		MmuINT1004592	MmuINT1004632
MmuINT0176063	MmuINT0168529	MmuINT1033426		MmuINT1004995	MmuINT1004706
MmuINT0176436	MmuINT0168613	MmuINT1033685		MmuINT1005053	MmuINT1004763
MmuINT0176733	MmuINT0168783	MmuINT1033696		MmuINT1005314	MmuINT1004786
MmuINT0177085	MmuINT0168956	MmuINT1033783		MmuINT1005426	MmuINT1004971
MmuINT0177203	MmuINT0169193	MmuINT1033861		MmuINT1006050	MmuINT1005553
MmuINT0177391	MmuINT0169194	MmuINT1033948		MmuINT1006399	MmuINT1005582
MmuINT0177617	MmuINT0169403	MmuINT1034022		MmuINT1006776	MmuINT1005865
MmuINT0177674	MmuINT0169405	MmuINT1034137		MmuINT1007024	MmuINT1005866
MmuINT0177813	MmuINT0169807	MmuINT1034493		MmuINT1007078	MmuINT1005971
MmuINT0178228	MmuINT0169838	MmuINT1034495		MmuINT1007179	MmuINT1006075
MmuINT0178574	MmuINT0169870	MmuINT1034507		MmuINT1007529	MmuINT1006444
MmuINT0178903	MmuINT0170047	MmuINT1034612		MmuINT1007827	MmuINT1006503
MmuINT0179029	MmuINT0170224	MmuINT1035310		MmuINT1007859	MmuINT1006672
MmuINT0179030	MmuINT0170236	MmuINT1035344		MmuINT1008009	MmuINT1007150
MmuINT0179558	MmuINT0170562	MmuINT1035398		MmuINT1008184	MmuINT1007151
MmuINT0180084	MmuINT0171055	MmuINT1035431		MmuINT1008340	MmuINT1007190
MmuINT0180560	MmuINT0171156	MmuINT1035704		MmuINT1008908	MmuINT1007217
MmuINT0180564	MmuINT0171163	MmuINT1035863		MmuINT1008947	MmuINT1007384
MmuINT0180717	MmuINT0171363			MmuINT1009076	MmuINT1007406
MmuINT0180817	MmuINT0171378			MmuINT1009178	MmuINT1007446
MmuINT0181106	MmuINT0171380			MmuINT1009186	MmuINT1007505
MmuINT1000423	MmuINT0171430			MmuINT1009262	MmuINT1007599
MmuINT1000453	MmuINT0171559			MmuINT1009271	MmuINT1008000
MmuINT1000581	MmuINT0171887			MmuINT1009390	MmuINT1008334
MmuINT1000955	MmuINT0171968			MmuINT1009471	MmuINT1008428
MmuINT1001215	MmuINT0171985			MmuINT1009657	MmuINT1008738
MmuINT1001663	MmuINT0172009			MmuINT1009766	MmuINT1008824
MmuINT1002290	MmuINT0172114			MmuINT1009820	MmuINT1008904
MmuINT1002505	MmuINT0172250			MmuINT1009925	MmuINT1009085
MmuINT1002708	MmuINT0173630			MmuINT1010161	MmuINT1009395
MmuINT1002874	MmuINT0173888			MmuINT1011741	MmuINT1009610
MmuINT1002887	MmuINT0174131			MmuINT1012033	MmuINT1009634
MmuINT1003204	MmuINT0174150			MmuINT1014169	MmuINT1009677
MmuINT1003382	MmuINT0174306			MmuINT1014493	MmuINT1009962
MmuINT1004545	MmuINT0175076			MmuINT1015491	MmuINT1010023
MmuINT1004596	MmuINT0175151			MmuINT1015663	MmuINT1010068
MmuINT1004868	MmuINT0175208			MmuINT1015792	MmuINT1010091
MmuINT1005046	MmuINT0175314			MmuINT1016194	MmuINT1010176
MmuINT1005070	MmuINT0175352			MmuINT1016972	MmuINT1010848
MmuINT1005182	MmuINT0176527			MmuINT1017398	MmuINT1011051
MmuINT1005306	MmuINT0176742			MmuINT1017455	MmuINT1011053
MmuINT1005370	MmuINT0176987			MmuINT1017699	MmuINT1011173
MmuINT1005918	MmuINT0176988			MmuINT1018449	MmuINT1011365
MmuINT1006008	MmuINT0177036			MmuINT1019085	MmuINT1011498
MmuINT1006013	MmuINT0177198			MmuINT1019977	MmuINT1011992
MmuINT1006020	MmuINT0177201			MmuINT1020521	MmuINT1012084
MmuINT1006168	MmuINT0177270			MmuINT1020810	MmuINT1013062
MmuINT1006261	MmuINT0177583			MmuINT1020950	MmuINT1013330
MmuINT1006385	MmuINT0177743			MmuINT1021016	MmuINT1013485
MmuINT1006389	MmuINT0177819			MmuINT1021344	MmuINT1013901
MmuINT1006390	MmuINT0177878			MmuINT1021377	MmuINT1014712
MmuINT1006649	MmuINT0178127			MmuINT1021484	MmuINT1014857
MmuINT1006662	MmuINT0178427			MmuINT1021559	MmuINT1015131
MmuINT1006710	MmuINT0178655			MmuINT1021708	MmuINT1015950
MmuINT1007075	MmuINT0178874			MmuINT1022756	MmuINT1016073
MmuINT1007408	MmuINT0178915			MmuINT1022788	MmuINT1016457
MmuINT1007447	MmuINT0179015			MmuINT1022796	MmuINT1016672
MmuINT1007541	MmuINT0179356			MmuINT1022798	MmuINT1017436
MmuINT1007562	MmuINT0179421			MmuINT1022825	MmuINT1017654
MmuINT1008440	MmuINT0179454			MmuINT1022827	MmuINT1017979
MmuINT1008603	MmuINT0179663			MmuINT1022856	MmuINT1018501
MmuINT1008700	MmuINT0179884			MmuINT1022923	MmuINT1019075
MmuINT1008932	MmuINT0179964			MmuINT1023122	MmuINT1019226
MmuINT1009078	MmuINT0180037			MmuINT1023236	MmuINT1019446
MmuINT1009237	MmuINT0180090			MmuINT1023386	MmuINT1019954
MmuINT1009323	MmuINT0180344			MmuINT1023392	MmuINT1020016
MmuINT1009344	MmuINT0180347			MmuINT1023411	MmuINT1020055
MmuINT1009717	MmuINT0180417			MmuINT1023599	MmuINT1020237
MmuINT1009796	MmuINT0180579			MmuINT1023781	MmuINT1020299
MmuINT1009870	MmuINT0180701			MmuINT1024064	MmuINT1020760
MmuINT1010125	MmuINT0180725			MmuINT1024114	MmuINT1020772
MmuINT1010261	MmuINT0180732			MmuINT1024129	MmuINT1020926
MmuINT1010262	MmuINT0180736			MmuINT1024133	MmuINT1021090
MmuINT1010266	MmuINT0180954			MmuINT1024220	MmuINT1021099
MmuINT1010650	MmuINT1000020			MmuINT1024252	MmuINT1021213
MmuINT1010709	MmuINT1000487			MmuINT1024352	MmuINT1021367
MmuINT1010809	MmuINT1001159			MmuINT1026028	MmuINT1021418
MmuINT1010881	MmuINT1002297			MmuINT1026139	MmuINT1021529
MmuINT1010925	MmuINT1002666			MmuINT1026171	MmuINT1021565
MmuINT1010964	MmuINT1003635			MmuINT1026483	MmuINT1021674
MmuINT1011623	MmuINT1003992			MmuINT1027164	MmuINT1022018
MmuINT1011626	MmuINT1004053			MmuINT1027167	MmuINT1022034
MmuINT1012101	MmuINT1004246			MmuINT1027267	MmuINT1022071
MmuINT1012278	MmuINT1004282			MmuINT1027468	MmuINT1022168
MmuINT1012913	MmuINT1004493			MmuINT1027591	MmuINT1022351
MmuINT1013155	MmuINT1004749			MmuINT1027595	MmuINT1022356
MmuINT1013316	MmuINT1004998			MmuINT1027657	MmuINT1022393
MmuINT1013332	MmuINT1005003			MmuINT1028296	MmuINT1022626
MmuINT1013933	MmuINT1005482			MmuINT1029058	MmuINT1022822
MmuINT1014021	MmuINT1005554			MmuINT1029476	MmuINT1022845
MmuINT1014061	MmuINT1005583			MmuINT1029483	MmuINT1023984
MmuINT1014078	MmuINT1005805			MmuINT1029504	MmuINT1024265
MmuINT1016193	MmuINT1006183			MmuINT1029516	MmuINT1024359
MmuINT1016664	MmuINT1006309			MmuINT1030049	MmuINT1024420
MmuINT1018098	MmuINT1006473			MmuINT1030416	MmuINT1024517
MmuINT1018692	MmuINT1006741			MmuINT1030478	MmuINT1024758
MmuINT1019708	MmuINT1007214			MmuINT1030534	MmuINT1024762
MmuINT1019814	MmuINT1007224			MmuINT1030599	MmuINT1026247
MmuINT1020011	MmuINT1007287			MmuINT1030754	MmuINT1026263
MmuINT1020195	MmuINT1007420			MmuINT1030819	MmuINT1026274
MmuINT1020929	MmuINT1007593			MmuINT1031080	MmuINT1026489
MmuINT1020992	MmuINT1007858			MmuINT1031087	MmuINT1026611
MmuINT1021095	MmuINT1008660			MmuINT1031170	MmuINT1026986
MmuINT1021863	MmuINT1008909			MmuINT1031520	MmuINT1026991
MmuINT1021866	MmuINT1009045			MmuINT1031521	MmuINT1027031
MmuINT1022182	MmuINT1009046			MmuINT1031580	MmuINT1027151
MmuINT1022347	MmuINT1009450			MmuINT1031815	MmuINT1027166
MmuINT1022891	MmuINT1009545			MmuINT1031874	MmuINT1027181
MmuINT1023204	MmuINT1009591			MmuINT1031946	MmuINT1027492
MmuINT1023354	MmuINT1009676			MmuINT1032580	MmuINT1027601
MmuINT1023413	MmuINT1009797			MmuINT1033278	MmuINT1027820
MmuINT1023476	MmuINT1009978			MmuINT1033603	MmuINT1029562
MmuINT1023830	MmuINT1010129			MmuINT1033697	MmuINT1029664
MmuINT1024048	MmuINT1010204			MmuINT1033698	MmuINT1029704
MmuINT1024151	MmuINT1010847			MmuINT1033950	MmuINT1029723
MmuINT1024358	MmuINT1010884			MmuINT1034116	MmuINT1029755
MmuINT1024371	MmuINT1011413			MmuINT1034191	MmuINT1029768
MmuINT1024541	MmuINT1011475			MmuINT1034197	MmuINT1029877
MmuINT1024642	MmuINT1012245			MmuINT1034302	MmuINT1030021
MmuINT1024707	MmuINT1013037			MmuINT1034336	MmuINT1030028
MmuINT1024763	MmuINT1013513			MmuINT1034523	MmuINT1030117
MmuINT1025984	MmuINT1013881			MmuINT1035030	MmuINT1030160
MmuINT1026191	MmuINT1014795			MmuINT1035194	MmuINT1030342
MmuINT1026211	MmuINT1015274			MmuINT1035301	MmuINT1030477
MmuINT1026236	MmuINT1017973			MmuINT1035464	MmuINT1030645
MmuINT1026300	MmuINT1019273			MmuINT1035822	MmuINT1030749
MmuINT1026343	MmuINT1019297				MmuINT1030824
MmuINT1026634	MmuINT1020225				MmuINT1030877
MmuINT1027132	MmuINT1020288				MmuINT1031067
MmuINT1027368	MmuINT1020695				MmuINT1031118
MmuINT1027391	MmuINT1020731				MmuINT1031366
MmuINT1027594	MmuINT1020759				MmuINT1031407
MmuINT1027609	MmuINT1020761				MmuINT1031676
MmuINT1027658	MmuINT1020805				MmuINT1031686
MmuINT1027838	MmuINT1020867				MmuINT1031927
MmuINT1027869	MmuINT1020915				MmuINT1032170
MmuINT1027951	MmuINT1021103				MmuINT1032372
MmuINT1028525	MmuINT1021879				MmuINT1032387
MmuINT1028663	MmuINT1022078				MmuINT1032525
MmuINT1029800	MmuINT1022382				MmuINT1032627
MmuINT1030059	MmuINT1022429				MmuINT1033830
MmuINT1030078	MmuINT1022754				MmuINT1034012
MmuINT1030100	MmuINT1022828				MmuINT1034097
MmuINT1030187	MmuINT1022837				MmuINT1034144
MmuINT1030189	MmuINT1022877				MmuINT1034531
MmuINT1030275	MmuINT1022881				MmuINT1035749
MmuINT1030466	MmuINT1023088				MmuINT1035815
MmuINT1030470	MmuINT1023175				MmuINT1035844
MmuINT1030539	MmuINT1023245				MmuINT1036041
MmuINT1030600	MmuINT1023381				
MmuINT1031089	MmuINT1023404				
MmuINT1031117	MmuINT1023423				
MmuINT1031141	MmuINT1023522				
MmuINT1031176	MmuINT1023972				
MmuINT1031316	MmuINT1023989				
MmuINT1031717	MmuINT1024274				
MmuINT1031932	MmuINT1024442				
MmuINT1032222	MmuINT1024608				
MmuINT1032934	MmuINT1024755				
MmuINT1033075	MmuINT1025978				
MmuINT1033249	MmuINT1026176				
MmuINT1033463	MmuINT1026341				
MmuINT1033494	MmuINT1026466				
MmuINT1033600	MmuINT1026636				
MmuINT1033614	MmuINT1027024				
MmuINT1033670	MmuINT1027086				
MmuINT1034023	MmuINT1027272				
MmuINT1034163	MmuINT1027320				
MmuINT1034169	MmuINT1027323				
MmuINT1034193	MmuINT1027394				
MmuINT1034282	MmuINT1027714				
MmuINT1034301	MmuINT1028679				
MmuINT1034348	MmuINT1029401				
MmuINT1034359	MmuINT1029412				
MmuINT1034393	MmuINT1029515				
MmuINT1034413	MmuINT1029792				
MmuINT1034451	MmuINT1029863				
MmuINT1034573	MmuINT1029928				
MmuINT1035291	MmuINT1030019				
MmuINT1035352	MmuINT1030114				
MmuINT1035353	MmuINT1030212				
MmuINT1035411	MmuINT1030231				
MmuINT1035420	MmuINT1030435				
MmuINT1035433	MmuINT1030870				
MmuINT1035463	MmuINT1031084				
MmuINT1035531	MmuINT1031085				
MmuINT1035563	MmuINT1031310				
MmuINT1035601	MmuINT1031728				
MmuINT1035641	MmuINT1031747				
MmuINT1035647	MmuINT1031809				
MmuINT1035648	MmuINT1031863				
MmuINT1035773	MmuINT1031875				
MmuINT1035781	MmuINT1031926				
	MmuINT1032098				
	MmuINT1032197				
	MmuINT1032227				
	MmuINT1032342				
	MmuINT1033070				
	MmuINT1033103				
	MmuINT1033328				
	MmuINT1033558				
	MmuINT1033602				
	MmuINT1034055				
	MmuINT1034117				
	MmuINT1034205				
	MmuINT1034210				
	MmuINT1034269				
	MmuINT1034288				
	MmuINT1034294				
	MmuINT1034445				
	MmuINT1034498				
	MmuINT1035038				
	MmuINT1035160				
	MmuINT1035276				
	MmuINT1035311				
	MmuINT1035763				
	MmuINT1035849				
	MmuINT1035854				
	MmuINT1035880				
	MmuINT1035890				
	MmuINT1035909				
