C0 (2602 genes)	C1 (2342 genes)	C2 (2363 genes)
Genes	Genes	Genes
MmuEX0000028	MmuEX0000007	MmuEX0000032
MmuEX0000212	MmuEX0000205	MmuEX0000040
MmuEX0000213	MmuEX0000227	MmuEX0000252
MmuEX0000224	MmuEX0000328	MmuEX0000348
MmuEX0000232	MmuEX0000457	MmuEX0000396
MmuEX0000239	MmuEX0000460	MmuEX0000506
MmuEX0000344	MmuEX0000475	MmuEX0000533
MmuEX0000456	MmuEX0000611	MmuEX0000570
MmuEX0000467	MmuEX0000688	MmuEX0000678
MmuEX0000609	MmuEX0000726	MmuEX0000736
MmuEX0000685	MmuEX0000739	MmuEX0000740
MmuEX0000744	MmuEX0000824	MmuEX0000842
MmuEX0000745	MmuEX0000862	MmuEX0000843
MmuEX0000754	MmuEX0000863	MmuEX0000858
MmuEX0000807	MmuEX0000864	MmuEX0000860
MmuEX0000849	MmuEX0000898	MmuEX0000892
MmuEX0000916	MmuEX0000915	MmuEX0000957
MmuEX0000935	MmuEX0001043	MmuEX0001010
MmuEX0000959	MmuEX0001077	MmuEX0001106
MmuEX0000993	MmuEX0001087	MmuEX0001149
MmuEX0000994	MmuEX0001088	MmuEX0001181
MmuEX0001004	MmuEX0001089	MmuEX0001400
MmuEX0001023	MmuEX0001090	MmuEX0001454
MmuEX0001138	MmuEX0001091	MmuEX0001555
MmuEX0001208	MmuEX0001161	MmuEX0001583
MmuEX0001212	MmuEX0001163	MmuEX0001690
MmuEX0001283	MmuEX0001164	MmuEX0001697
MmuEX0001288	MmuEX0001166	MmuEX0001716
MmuEX0001378	MmuEX0001189	MmuEX0001754
MmuEX0001460	MmuEX0001262	MmuEX0001791
MmuEX0001499	MmuEX0001263	MmuEX0001862
MmuEX0001506	MmuEX0001278	MmuEX0001894
MmuEX0001512	MmuEX0001303	MmuEX0001932
MmuEX0001561	MmuEX0001333	MmuEX0002037
MmuEX0001577	MmuEX0001339	MmuEX0002107
MmuEX0001668	MmuEX0001353	MmuEX0002110
MmuEX0001790	MmuEX0001368	MmuEX0002138
MmuEX0001869	MmuEX0001380	MmuEX0002226
MmuEX0002003	MmuEX0001409	MmuEX0002299
MmuEX0002108	MmuEX0001453	MmuEX0002315
MmuEX0002127	MmuEX0001457	MmuEX0002336
MmuEX0002261	MmuEX0001461	MmuEX0002365
MmuEX0002356	MmuEX0001462	MmuEX0002403
MmuEX0002421	MmuEX0001507	MmuEX0002425
MmuEX0002422	MmuEX0001579	MmuEX0002453
MmuEX0002423	MmuEX0001833	MmuEX0002568
MmuEX0002600	MmuEX0001982	MmuEX0002572
MmuEX0002730	MmuEX0002028	MmuEX0002704
MmuEX0002733	MmuEX0002029	MmuEX0002706
MmuEX0002802	MmuEX0002175	MmuEX0002708
MmuEX0002838	MmuEX0002241	MmuEX0002723
MmuEX0002912	MmuEX0002266	MmuEX0002724
MmuEX0003052	MmuEX0002298	MmuEX0002766
MmuEX0003053	MmuEX0002515	MmuEX0002819
MmuEX0003112	MmuEX0002551	MmuEX0002870
MmuEX0003214	MmuEX0002581	MmuEX0002906
MmuEX0003222	MmuEX0002589	MmuEX0002920
MmuEX0003247	MmuEX0002669	MmuEX0002924
MmuEX0003271	MmuEX0002814	MmuEX0002933
MmuEX0003272	MmuEX0003057	MmuEX0003076
MmuEX0003318	MmuEX0003062	MmuEX0003128
MmuEX0003333	MmuEX0003115	MmuEX0003223
MmuEX0003334	MmuEX0003179	MmuEX0003249
MmuEX0003393	MmuEX0003181	MmuEX0003278
MmuEX0003399	MmuEX0003182	MmuEX0003313
MmuEX0003400	MmuEX0003209	MmuEX0003402
MmuEX0003414	MmuEX0003322	MmuEX0003419
MmuEX0003424	MmuEX0003383	MmuEX0003491
MmuEX0003426	MmuEX0003405	MmuEX0003498
MmuEX0003650	MmuEX0003413	MmuEX0003568
MmuEX0003711	MmuEX0003581	MmuEX0003584
MmuEX0003845	MmuEX0003644	MmuEX0003641
MmuEX0003955	MmuEX0003652	MmuEX0003658
MmuEX0004040	MmuEX0003696	MmuEX0003692
MmuEX0004043	MmuEX0003700	MmuEX0003698
MmuEX0004092	MmuEX0003701	MmuEX0003833
MmuEX0004116	MmuEX0003771	MmuEX0003934
MmuEX0004268	MmuEX0003894	MmuEX0003953
MmuEX0004286	MmuEX0003933	MmuEX0004132
MmuEX0004326	MmuEX0004182	MmuEX0004133
MmuEX0004461	MmuEX0004256	MmuEX0004145
MmuEX0004472	MmuEX0004322	MmuEX0004179
MmuEX0004488	MmuEX0004328	MmuEX0004323
MmuEX0004518	MmuEX0004389	MmuEX0004329
MmuEX0004519	MmuEX0004569	MmuEX0004334
MmuEX0004525	MmuEX0004630	MmuEX0004336
MmuEX0004558	MmuEX0004688	MmuEX0004469
MmuEX0004582	MmuEX0004689	MmuEX0004473
MmuEX0004618	MmuEX0004744	MmuEX0004480
MmuEX0004631	MmuEX0004791	MmuEX0004507
MmuEX0004641	MmuEX0004800	MmuEX0004508
MmuEX0004649	MmuEX0004860	MmuEX0004555
MmuEX0004711	MmuEX0005076	MmuEX0004581
MmuEX0004745	MmuEX0005081	MmuEX0004611
MmuEX0004819	MmuEX0005087	MmuEX0004706
MmuEX0004831	MmuEX0005108	MmuEX0004776
MmuEX0004978	MmuEX0005132	MmuEX0004854
MmuEX0004987	MmuEX0005135	MmuEX0004861
MmuEX0005015	MmuEX0005201	MmuEX0004946
MmuEX0005109	MmuEX0005213	MmuEX0004947
MmuEX0005110	MmuEX0005276	MmuEX0005067
MmuEX0005128	MmuEX0005301	MmuEX0005077
MmuEX0005219	MmuEX0005342	MmuEX0005090
MmuEX0005220	MmuEX0005344	MmuEX0005107
MmuEX0005224	MmuEX0005431	MmuEX0005385
MmuEX0005273	MmuEX0005465	MmuEX0005433
MmuEX0005400	MmuEX0005475	MmuEX0005527
MmuEX0005480	MmuEX0005483	MmuEX0005562
MmuEX0005721	MmuEX0005533	MmuEX0005563
MmuEX0005747	MmuEX0005564	MmuEX0005565
MmuEX0005753	MmuEX0005567	MmuEX0005610
MmuEX0005765	MmuEX0005574	MmuEX0005633
MmuEX0005782	MmuEX0005686	MmuEX0005635
MmuEX0005840	MmuEX0005763	MmuEX0005705
MmuEX0005967	MmuEX0005772	MmuEX0005776
MmuEX0006054	MmuEX0005773	MmuEX0005786
MmuEX0006071	MmuEX0005774	MmuEX0005810
MmuEX0006075	MmuEX0005799	MmuEX0005820
MmuEX0006142	MmuEX0005807	MmuEX0005838
MmuEX0006181	MmuEX0005843	MmuEX0005845
MmuEX0006231	MmuEX0005872	MmuEX0005885
MmuEX0006281	MmuEX0005886	MmuEX0005904
MmuEX0006391	MmuEX0005896	MmuEX0005937
MmuEX0006392	MmuEX0006023	MmuEX0005962
MmuEX0006465	MmuEX0006029	MmuEX0006033
MmuEX0006569	MmuEX0006107	MmuEX0006087
MmuEX0006611	MmuEX0006112	MmuEX0006105
MmuEX0006656	MmuEX0006137	MmuEX0006123
MmuEX0006703	MmuEX0006158	MmuEX0006152
MmuEX0006845	MmuEX0006159	MmuEX0006153
MmuEX0006848	MmuEX0006160	MmuEX0006237
MmuEX0006893	MmuEX0006169	MmuEX0006241
MmuEX0007026	MmuEX0006271	MmuEX0006287
MmuEX0007085	MmuEX0006459	MmuEX0006427
MmuEX0007087	MmuEX0006470	MmuEX0006429
MmuEX0007094	MmuEX0006510	MmuEX0006477
MmuEX0007095	MmuEX0006522	MmuEX0006537
MmuEX0007096	MmuEX0006528	MmuEX0006604
MmuEX0007153	MmuEX0006548	MmuEX0006605
MmuEX0007188	MmuEX0006562	MmuEX0006781
MmuEX0007263	MmuEX0006574	MmuEX0006783
MmuEX0007264	MmuEX0006595	MmuEX0006820
MmuEX0007375	MmuEX0006671	MmuEX0006841
MmuEX0007392	MmuEX0006682	MmuEX0006890
MmuEX0007446	MmuEX0006702	MmuEX0006895
MmuEX0007486	MmuEX0006754	MmuEX0006950
MmuEX0007567	MmuEX0006775	MmuEX0007048
MmuEX0007569	MmuEX0006850	MmuEX0007058
MmuEX0007570	MmuEX0006880	MmuEX0007059
MmuEX0007591	MmuEX0006886	MmuEX0007151
MmuEX0007654	MmuEX0006903	MmuEX0007152
MmuEX0007655	MmuEX0006919	MmuEX0007168
MmuEX0007744	MmuEX0006938	MmuEX0007185
MmuEX0007750	MmuEX0006987	MmuEX0007190
MmuEX0007808	MmuEX0006991	MmuEX0007225
MmuEX0007815	MmuEX0007014	MmuEX0007229
MmuEX0007894	MmuEX0007020	MmuEX0007230
MmuEX0007940	MmuEX0007032	MmuEX0007232
MmuEX0007962	MmuEX0007050	MmuEX0007269
MmuEX0007979	MmuEX0007072	MmuEX0007273
MmuEX0008032	MmuEX0007093	MmuEX0007325
MmuEX0008060	MmuEX0007098	MmuEX0007327
MmuEX0008088	MmuEX0007124	MmuEX0007383
MmuEX0008146	MmuEX0007135	MmuEX0007451
MmuEX0008173	MmuEX0007149	MmuEX0007452
MmuEX0008175	MmuEX0007220	MmuEX0007514
MmuEX0008208	MmuEX0007295	MmuEX0007538
MmuEX0008209	MmuEX0007297	MmuEX0007548
MmuEX0008214	MmuEX0007302	MmuEX0007563
MmuEX0008218	MmuEX0007304	MmuEX0007606
MmuEX0008246	MmuEX0007379	MmuEX0007651
MmuEX0008249	MmuEX0007438	MmuEX0007745
MmuEX0008282	MmuEX0007511	MmuEX0007800
MmuEX0008295	MmuEX0007522	MmuEX0007819
MmuEX0008329	MmuEX0007639	MmuEX0007830
MmuEX0008334	MmuEX0007642	MmuEX0007883
MmuEX0008364	MmuEX0007645	MmuEX0007893
MmuEX0008425	MmuEX0007670	MmuEX0007945
MmuEX0008449	MmuEX0007672	MmuEX0007981
MmuEX0008560	MmuEX0007704	MmuEX0007989
MmuEX0008565	MmuEX0007731	MmuEX0008027
MmuEX0008573	MmuEX0007753	MmuEX0008028
MmuEX0008628	MmuEX0007786	MmuEX0008070
MmuEX0008826	MmuEX0007798	MmuEX0008074
MmuEX0008837	MmuEX0007828	MmuEX0008078
MmuEX0008846	MmuEX0007847	MmuEX0008090
MmuEX0008904	MmuEX0007914	MmuEX0008182
MmuEX0008933	MmuEX0007916	MmuEX0008266
MmuEX0008939	MmuEX0007917	MmuEX0008365
MmuEX0009051	MmuEX0008058	MmuEX0008392
MmuEX0009241	MmuEX0008125	MmuEX0008400
MmuEX0009243	MmuEX0008223	MmuEX0008426
MmuEX0009255	MmuEX0008231	MmuEX0008434
MmuEX0009295	MmuEX0008247	MmuEX0008468
MmuEX0009313	MmuEX0008315	MmuEX0008541
MmuEX0009345	MmuEX0008325	MmuEX0008640
MmuEX0009351	MmuEX0008393	MmuEX0008643
MmuEX0009398	MmuEX0008465	MmuEX0008710
MmuEX0009416	MmuEX0008515	MmuEX0008865
MmuEX0009479	MmuEX0008625	MmuEX0009030
MmuEX0009480	MmuEX0008639	MmuEX0009081
MmuEX0009498	MmuEX0008820	MmuEX0009447
MmuEX0009509	MmuEX0008905	MmuEX0009455
MmuEX0009538	MmuEX0008910	MmuEX0009497
MmuEX0009573	MmuEX0008911	MmuEX0009514
MmuEX0009577	MmuEX0008940	MmuEX0009515
MmuEX0009663	MmuEX0009189	MmuEX0009518
MmuEX0009736	MmuEX0009191	MmuEX0009525
MmuEX0009783	MmuEX0009227	MmuEX0009699
MmuEX0009819	MmuEX0009297	MmuEX0009705
MmuEX0009828	MmuEX0009352	MmuEX0009706
MmuEX0009836	MmuEX0009405	MmuEX0009786
MmuEX0009864	MmuEX0009445	MmuEX0009824
MmuEX0009883	MmuEX0009482	MmuEX0009825
MmuEX0009884	MmuEX0009489	MmuEX0009838
MmuEX0009885	MmuEX0009491	MmuEX0009896
MmuEX0009886	MmuEX0009572	MmuEX0009918
MmuEX0009904	MmuEX0009719	MmuEX0009929
MmuEX0009908	MmuEX0009720	MmuEX0009955
MmuEX0009999	MmuEX0009742	MmuEX0010028
MmuEX0010004	MmuEX0009785	MmuEX0010725
MmuEX0010005	MmuEX0009835	MmuEX0010729
MmuEX0010040	MmuEX0009874	MmuEX0010801
MmuEX0010041	MmuEX0009912	MmuEX0010854
MmuEX0010042	MmuEX0009923	MmuEX0010865
MmuEX0010048	MmuEX0009924	MmuEX0010928
MmuEX0010062	MmuEX0009947	MmuEX0010983
MmuEX0010081	MmuEX0010006	MmuEX0010992
MmuEX0010110	MmuEX0010090	MmuEX0010993
MmuEX0010308	MmuEX0010145	MmuEX0011011
MmuEX0010311	MmuEX0010208	MmuEX0011133
MmuEX0010355	MmuEX0010246	MmuEX0011136
MmuEX0010373	MmuEX0010289	MmuEX0011137
MmuEX0010444	MmuEX0010314	MmuEX0011173
MmuEX0010451	MmuEX0010344	MmuEX0011272
MmuEX0010540	MmuEX0010367	MmuEX0011409
MmuEX0010579	MmuEX0010398	MmuEX0011437
MmuEX0010584	MmuEX0010447	MmuEX0011444
MmuEX0010589	MmuEX0010538	MmuEX0011458
MmuEX0010648	MmuEX0010554	MmuEX0011474
MmuEX0010662	MmuEX0010578	MmuEX0011546
MmuEX0010664	MmuEX0010599	MmuEX0011547
MmuEX0010683	MmuEX0010601	MmuEX0011762
MmuEX0010736	MmuEX0010676	MmuEX0011769
MmuEX0010788	MmuEX0010684	MmuEX0011815
MmuEX0010828	MmuEX0010775	MmuEX0011908
MmuEX0010861	MmuEX0010789	MmuEX0011949
MmuEX0010885	MmuEX0010791	MmuEX0011952
MmuEX0010892	MmuEX0010815	MmuEX0012002
MmuEX0010901	MmuEX0010817	MmuEX0012026
MmuEX0010914	MmuEX0010843	MmuEX0012035
MmuEX0011119	MmuEX0010856	MmuEX0012045
MmuEX0011182	MmuEX0010857	MmuEX0012098
MmuEX0011190	MmuEX0011008	MmuEX0012331
MmuEX0011193	MmuEX0011025	MmuEX0012363
MmuEX0011195	MmuEX0011126	MmuEX0012445
MmuEX0011252	MmuEX0011134	MmuEX0012477
MmuEX0011334	MmuEX0011275	MmuEX0012494
MmuEX0011404	MmuEX0011278	MmuEX0012495
MmuEX0011462	MmuEX0011441	MmuEX0012590
MmuEX0011473	MmuEX0011454	MmuEX0012595
MmuEX0011486	MmuEX0011501	MmuEX0012596
MmuEX0011579	MmuEX0011505	MmuEX0012632
MmuEX0011584	MmuEX0011688	MmuEX0012675
MmuEX0011591	MmuEX0011709	MmuEX0012694
MmuEX0011600	MmuEX0011712	MmuEX0012705
MmuEX0011708	MmuEX0011931	MmuEX0012758
MmuEX0011723	MmuEX0011959	MmuEX0012788
MmuEX0011802	MmuEX0011970	MmuEX0012790
MmuEX0011838	MmuEX0012040	MmuEX0012791
MmuEX0011882	MmuEX0012134	MmuEX0012837
MmuEX0011883	MmuEX0012135	MmuEX0012913
MmuEX0011896	MmuEX0012239	MmuEX0012920
MmuEX0011926	MmuEX0012249	MmuEX0012950
MmuEX0011944	MmuEX0012380	MmuEX0012953
MmuEX0012080	MmuEX0012472	MmuEX0012983
MmuEX0012085	MmuEX0012484	MmuEX0013009
MmuEX0012090	MmuEX0012584	MmuEX0013070
MmuEX0012105	MmuEX0012589	MmuEX0013095
MmuEX0012374	MmuEX0012637	MmuEX0013097
MmuEX0012388	MmuEX0012673	MmuEX0013099
MmuEX0012416	MmuEX0012695	MmuEX0013115
MmuEX0012417	MmuEX0012704	MmuEX0013262
MmuEX0012418	MmuEX0012850	MmuEX0013356
MmuEX0012419	MmuEX0012933	MmuEX0013425
MmuEX0012424	MmuEX0012934	MmuEX0013461
MmuEX0012444	MmuEX0012946	MmuEX0013502
MmuEX0012448	MmuEX0012977	MmuEX0013504
MmuEX0012450	MmuEX0013012	MmuEX0013518
MmuEX0012455	MmuEX0013020	MmuEX0013530
MmuEX0012460	MmuEX0013069	MmuEX0013560
MmuEX0012486	MmuEX0013100	MmuEX0013575
MmuEX0012696	MmuEX0013222	MmuEX0013778
MmuEX0012702	MmuEX0013257	MmuEX0013782
MmuEX0012807	MmuEX0013263	MmuEX0013818
MmuEX0012819	MmuEX0013286	MmuEX0013819
MmuEX0012820	MmuEX0013462	MmuEX0013838
MmuEX0012858	MmuEX0013531	MmuEX0013864
MmuEX0012865	MmuEX0013581	MmuEX0013872
MmuEX0012936	MmuEX0013618	MmuEX0013899
MmuEX0012937	MmuEX0013667	MmuEX0013904
MmuEX0012973	MmuEX0013721	MmuEX0013909
MmuEX0012993	MmuEX0013736	MmuEX0013918
MmuEX0013004	MmuEX0013737	MmuEX0013924
MmuEX0013065	MmuEX0013766	MmuEX0013944
MmuEX0013080	MmuEX0013768	MmuEX0013983
MmuEX0013173	MmuEX0013810	MmuEX0013991
MmuEX0013178	MmuEX0013812	MmuEX0014101
MmuEX0013207	MmuEX0013826	MmuEX0014135
MmuEX0013329	MmuEX0013839	MmuEX0014147
MmuEX0013416	MmuEX0013901	MmuEX0014341
MmuEX0013439	MmuEX0013903	MmuEX0014372
MmuEX0013449	MmuEX0013964	MmuEX0014374
MmuEX0013453	MmuEX0013971	MmuEX0014495
MmuEX0013488	MmuEX0013996	MmuEX0014530
MmuEX0013489	MmuEX0014050	MmuEX0014547
MmuEX0013500	MmuEX0014053	MmuEX0014559
MmuEX0013537	MmuEX0014109	MmuEX0014608
MmuEX0013577	MmuEX0014145	MmuEX0014630
MmuEX0013613	MmuEX0014162	MmuEX0014715
MmuEX0013625	MmuEX0014213	MmuEX0014716
MmuEX0013632	MmuEX0014266	MmuEX0014734
MmuEX0013633	MmuEX0014271	MmuEX0014853
MmuEX0013670	MmuEX0014276	MmuEX0014899
MmuEX0013693	MmuEX0014277	MmuEX0014907
MmuEX0013777	MmuEX0014287	MmuEX0014937
MmuEX0013787	MmuEX0014289	MmuEX0014940
MmuEX0013803	MmuEX0014316	MmuEX0015156
MmuEX0013808	MmuEX0014377	MmuEX0015169
MmuEX0013817	MmuEX0014387	MmuEX0015179
MmuEX0013850	MmuEX0014405	MmuEX0015180
MmuEX0013854	MmuEX0014423	MmuEX0015243
MmuEX0013871	MmuEX0014518	MmuEX0015295
MmuEX0013979	MmuEX0014522	MmuEX0015323
MmuEX0014042	MmuEX0014540	MmuEX0015457
MmuEX0014055	MmuEX0014543	MmuEX0015508
MmuEX0014061	MmuEX0014669	MmuEX0015528
MmuEX0014126	MmuEX0014680	MmuEX0015530
MmuEX0014156	MmuEX0014732	MmuEX0015585
MmuEX0014191	MmuEX0014819	MmuEX0015646
MmuEX0014362	MmuEX0014829	MmuEX0015685
MmuEX0014379	MmuEX0014878	MmuEX0015727
MmuEX0014386	MmuEX0014953	MmuEX0015790
MmuEX0014483	MmuEX0015134	MmuEX0015793
MmuEX0014667	MmuEX0015248	MmuEX0015795
MmuEX0014687	MmuEX0015318	MmuEX0015796
MmuEX0014692	MmuEX0015329	MmuEX0015822
MmuEX0014726	MmuEX0015400	MmuEX0015874
MmuEX0014789	MmuEX0015506	MmuEX0015875
MmuEX0014791	MmuEX0015588	MmuEX0016026
MmuEX0014801	MmuEX0015628	MmuEX0016066
MmuEX0014834	MmuEX0015638	MmuEX0016067
MmuEX0014908	MmuEX0015639	MmuEX0016079
MmuEX0014935	MmuEX0015686	MmuEX0016138
MmuEX0014939	MmuEX0015699	MmuEX0016140
MmuEX0015121	MmuEX0015700	MmuEX0016171
MmuEX0015147	MmuEX0015723	MmuEX0016234
MmuEX0015155	MmuEX0015815	MmuEX0016256
MmuEX0015172	MmuEX0015816	MmuEX0016290
MmuEX0015181	MmuEX0015829	MmuEX0016398
MmuEX0015192	MmuEX0015830	MmuEX0016475
MmuEX0015200	MmuEX0015840	MmuEX0016511
MmuEX0015249	MmuEX0016170	MmuEX0016531
MmuEX0015319	MmuEX0016215	MmuEX0016755
MmuEX0015320	MmuEX0016218	MmuEX0016800
MmuEX0015332	MmuEX0016249	MmuEX0016916
MmuEX0015359	MmuEX0016401	MmuEX0016923
MmuEX0015396	MmuEX0016434	MmuEX0016924
MmuEX0015402	MmuEX0016436	MmuEX0016926
MmuEX0015424	MmuEX0016537	MmuEX0016929
MmuEX0015425	MmuEX0016610	MmuEX0016963
MmuEX0015564	MmuEX0016614	MmuEX0016974
MmuEX0015567	MmuEX0016878	MmuEX0017218
MmuEX0015568	MmuEX0016879	MmuEX0017294
MmuEX0015600	MmuEX0017002	MmuEX0017297
MmuEX0015607	MmuEX0017034	MmuEX0017309
MmuEX0015649	MmuEX0017085	MmuEX0017419
MmuEX0015651	MmuEX0017086	MmuEX0017447
MmuEX0015659	MmuEX0017087	MmuEX0017448
MmuEX0015691	MmuEX0017117	MmuEX0017493
MmuEX0015722	MmuEX0017123	MmuEX0017531
MmuEX0015734	MmuEX0017148	MmuEX0017665
MmuEX0015798	MmuEX0017159	MmuEX0017698
MmuEX0015849	MmuEX0017244	MmuEX0017699
MmuEX0015971	MmuEX0017258	MmuEX0017701
MmuEX0016050	MmuEX0017266	MmuEX0017771
MmuEX0016051	MmuEX0017292	MmuEX0017805
MmuEX0016145	MmuEX0017313	MmuEX0017830
MmuEX0016195	MmuEX0017357	MmuEX0017831
MmuEX0016238	MmuEX0017387	MmuEX0017880
MmuEX0016276	MmuEX0017416	MmuEX0017899
MmuEX0016281	MmuEX0017424	MmuEX0017920
MmuEX0016291	MmuEX0017540	MmuEX0017933
MmuEX0016300	MmuEX0017541	MmuEX0018029
MmuEX0016351	MmuEX0017547	MmuEX0018082
MmuEX0016352	MmuEX0017617	MmuEX0018086
MmuEX0016363	MmuEX0017646	MmuEX0018152
MmuEX0016468	MmuEX0017734	MmuEX0018156
MmuEX0016488	MmuEX0017764	MmuEX0018209
MmuEX0016489	MmuEX0017770	MmuEX0018210
MmuEX0016498	MmuEX0017773	MmuEX0018253
MmuEX0016548	MmuEX0017843	MmuEX0018269
MmuEX0016550	MmuEX0017844	MmuEX0018299
MmuEX0016563	MmuEX0017888	MmuEX0018321
MmuEX0016565	MmuEX0017919	MmuEX0018328
MmuEX0016581	MmuEX0017950	MmuEX0018332
MmuEX0016587	MmuEX0017952	MmuEX0018353
MmuEX0016642	MmuEX0017963	MmuEX0018354
MmuEX0016672	MmuEX0017993	MmuEX0018378
MmuEX0016699	MmuEX0017998	MmuEX0018383
MmuEX0016708	MmuEX0018012	MmuEX0018384
MmuEX0016718	MmuEX0018059	MmuEX0018426
MmuEX0016741	MmuEX0018178	MmuEX0018533
MmuEX0016746	MmuEX0018179	MmuEX0018540
MmuEX0016825	MmuEX0018330	MmuEX0018551
MmuEX0016885	MmuEX0018400	MmuEX0018552
MmuEX0016886	MmuEX0018536	MmuEX0018554
MmuEX0016897	MmuEX0018537	MmuEX0018588
MmuEX0016965	MmuEX0018559	MmuEX0018621
MmuEX0017016	MmuEX0018574	MmuEX0018631
MmuEX0017029	MmuEX0018701	MmuEX0018633
MmuEX0017032	MmuEX0018767	MmuEX0018805
MmuEX0017033	MmuEX0018802	MmuEX0018846
MmuEX0017154	MmuEX0018886	MmuEX0018880
MmuEX0017215	MmuEX0018919	MmuEX0018960
MmuEX0017261	MmuEX0018939	MmuEX0018975
MmuEX0017262	MmuEX0018965	MmuEX0018993
MmuEX0017269	MmuEX0018972	MmuEX0018995
MmuEX0017270	MmuEX0018992	MmuEX0019018
MmuEX0017271	MmuEX0019016	MmuEX0019115
MmuEX0017316	MmuEX0019050	MmuEX0019116
MmuEX0017418	MmuEX0019146	MmuEX0019120
MmuEX0017534	MmuEX0019233	MmuEX0019197
MmuEX0017565	MmuEX0019236	MmuEX0019243
MmuEX0017577	MmuEX0019255	MmuEX0019310
MmuEX0017633	MmuEX0019341	MmuEX0019334
MmuEX0017678	MmuEX0019350	MmuEX0019384
MmuEX0017679	MmuEX0019368	MmuEX0019416
MmuEX0017702	MmuEX0019392	MmuEX0019539
MmuEX0017714	MmuEX0019418	MmuEX0019549
MmuEX0017766	MmuEX0019547	MmuEX0019594
MmuEX0017778	MmuEX0019552	MmuEX0019633
MmuEX0017815	MmuEX0019702	MmuEX0019675
MmuEX0017841	MmuEX0019709	MmuEX0019698
MmuEX0017901	MmuEX0019766	MmuEX0019722
MmuEX0017902	MmuEX0019777	MmuEX0019741
MmuEX0017907	MmuEX0019813	MmuEX0019812
MmuEX0017918	MmuEX0019843	MmuEX0019824
MmuEX0017999	MmuEX0019991	MmuEX0019877
MmuEX0018028	MmuEX0020016	MmuEX0019896
MmuEX0018080	MmuEX0020017	MmuEX0019958
MmuEX0018102	MmuEX0020045	MmuEX0020132
MmuEX0018149	MmuEX0020171	MmuEX0020144
MmuEX0018153	MmuEX0020172	MmuEX0020155
MmuEX0018171	MmuEX0020273	MmuEX0020156
MmuEX0018172	MmuEX0020293	MmuEX0020157
MmuEX0018173	MmuEX0020355	MmuEX0020178
MmuEX0018228	MmuEX0020392	MmuEX0020306
MmuEX0018306	MmuEX0020395	MmuEX0020325
MmuEX0018339	MmuEX0020546	MmuEX0020343
MmuEX0018358	MmuEX0020550	MmuEX0020408
MmuEX0018397	MmuEX0020664	MmuEX0020429
MmuEX0018468	MmuEX0021069	MmuEX0020505
MmuEX0018484	MmuEX0021079	MmuEX0021366
MmuEX0018502	MmuEX0021088	MmuEX0021465
MmuEX0018556	MmuEX0021089	MmuEX0021472
MmuEX0018571	MmuEX0021152	MmuEX0021502
MmuEX0018589	MmuEX0021261	MmuEX0021569
MmuEX0018590	MmuEX0021335	MmuEX0021572
MmuEX0018644	MmuEX0021345	MmuEX0021601
MmuEX0018785	MmuEX0021372	MmuEX0021619
MmuEX0018798	MmuEX0021379	MmuEX0021653
MmuEX0018819	MmuEX0021493	MmuEX0021684
MmuEX0018825	MmuEX0021518	MmuEX0021772
MmuEX0018830	MmuEX0021522	MmuEX0021978
MmuEX0018839	MmuEX0021567	MmuEX0022057
MmuEX0018905	MmuEX0021652	MmuEX0022125
MmuEX0018913	MmuEX0021665	MmuEX0022183
MmuEX0018949	MmuEX0021765	MmuEX0022186
MmuEX0018991	MmuEX0021916	MmuEX0022241
MmuEX0019015	MmuEX0021942	MmuEX0022260
MmuEX0019144	MmuEX0021975	MmuEX0022261
MmuEX0019318	MmuEX0022054	MmuEX0022406
MmuEX0019347	MmuEX0022076	MmuEX0022426
MmuEX0019353	MmuEX0022086	MmuEX0022432
MmuEX0019397	MmuEX0022179	MmuEX0022473
MmuEX0019415	MmuEX0022384	MmuEX0022503
MmuEX0019481	MmuEX0022397	MmuEX0022544
MmuEX0019486	MmuEX0022484	MmuEX0022551
MmuEX0019521	MmuEX0022528	MmuEX0022558
MmuEX0019576	MmuEX0022582	MmuEX0022581
MmuEX0019632	MmuEX0022583	MmuEX0022613
MmuEX0019676	MmuEX0022591	MmuEX0022640
MmuEX0019725	MmuEX0022619	MmuEX0023001
MmuEX0019730	MmuEX0022661	MmuEX0023020
MmuEX0019740	MmuEX0022667	MmuEX0023049
MmuEX0019808	MmuEX0022720	MmuEX0023061
MmuEX0019827	MmuEX0022789	MmuEX0023062
MmuEX0019875	MmuEX0022790	MmuEX0023064
MmuEX0019961	MmuEX0022829	MmuEX0023076
MmuEX0019967	MmuEX0022873	MmuEX0023124
MmuEX0019981	MmuEX0022874	MmuEX0023184
MmuEX0020042	MmuEX0022877	MmuEX0023241
MmuEX0020159	MmuEX0022946	MmuEX0023275
MmuEX0020271	MmuEX0023018	MmuEX0023319
MmuEX0020272	MmuEX0023038	MmuEX0023324
MmuEX0020510	MmuEX0023141	MmuEX0023329
MmuEX0020587	MmuEX0023157	MmuEX0023357
MmuEX0020658	MmuEX0023234	MmuEX0023382
MmuEX0020905	MmuEX0023235	MmuEX0023385
MmuEX0021101	MmuEX0023251	MmuEX0023422
MmuEX0021241	MmuEX0023270	MmuEX0023461
MmuEX0021257	MmuEX0023360	MmuEX0023609
MmuEX0021258	MmuEX0023387	MmuEX0023674
MmuEX0021308	MmuEX0023388	MmuEX0023698
MmuEX0021417	MmuEX0023467	MmuEX0023735
MmuEX0021429	MmuEX0023533	MmuEX0023803
MmuEX0021438	MmuEX0023547	MmuEX0023805
MmuEX0021485	MmuEX0023641	MmuEX0023862
MmuEX0021486	MmuEX0023665	MmuEX0023868
MmuEX0021588	MmuEX0023691	MmuEX0024114
MmuEX0021597	MmuEX0023743	MmuEX0024127
MmuEX0021598	MmuEX0023936	MmuEX0024128
MmuEX0021610	MmuEX0024001	MmuEX0024129
MmuEX0021671	MmuEX0024053	MmuEX0024132
MmuEX0021672	MmuEX0024094	MmuEX0024180
MmuEX0021676	MmuEX0024199	MmuEX0024217
MmuEX0021774	MmuEX0024206	MmuEX0024223
MmuEX0021846	MmuEX0024214	MmuEX0024261
MmuEX0021986	MmuEX0024275	MmuEX0024262
MmuEX0021993	MmuEX0024304	MmuEX0024302
MmuEX0022009	MmuEX0024307	MmuEX0024389
MmuEX0022010	MmuEX0024360	MmuEX0024402
MmuEX0022048	MmuEX0024371	MmuEX0024559
MmuEX0022059	MmuEX0024391	MmuEX0024632
MmuEX0022092	MmuEX0024462	MmuEX0024659
MmuEX0022173	MmuEX0024516	MmuEX0024737
MmuEX0022178	MmuEX0024517	MmuEX0024800
MmuEX0022209	MmuEX0024538	MmuEX0024841
MmuEX0022214	MmuEX0024548	MmuEX0024850
MmuEX0022217	MmuEX0024561	MmuEX0024851
MmuEX0022352	MmuEX0024562	MmuEX0024960
MmuEX0022396	MmuEX0024681	MmuEX0024993
MmuEX0022466	MmuEX0024715	MmuEX0025035
MmuEX0022500	MmuEX0024717	MmuEX0025224
MmuEX0022505	MmuEX0024755	MmuEX0025241
MmuEX0022554	MmuEX0024797	MmuEX0025266
MmuEX0022572	MmuEX0024804	MmuEX0025267
MmuEX0022669	MmuEX0024823	MmuEX0025268
MmuEX0022671	MmuEX0024848	MmuEX0025270
MmuEX0022695	MmuEX0024849	MmuEX0025283
MmuEX0022721	MmuEX0024871	MmuEX0025298
MmuEX0022910	MmuEX0024873	MmuEX0025342
MmuEX0023002	MmuEX0024876	MmuEX0025346
MmuEX0023053	MmuEX0024892	MmuEX0025393
MmuEX0023166	MmuEX0024912	MmuEX0025458
MmuEX0023223	MmuEX0024967	MmuEX0025459
MmuEX0023228	MmuEX0025006	MmuEX0025534
MmuEX0023229	MmuEX0025036	MmuEX0025546
MmuEX0023355	MmuEX0025229	MmuEX0025601
MmuEX0023523	MmuEX0025258	MmuEX0025613
MmuEX0023534	MmuEX0025431	MmuEX0025614
MmuEX0023536	MmuEX0025468	MmuEX0025615
MmuEX0023655	MmuEX0025559	MmuEX0025617
MmuEX0023676	MmuEX0025595	MmuEX0025626
MmuEX0023677	MmuEX0025716	MmuEX0025661
MmuEX0023678	MmuEX0025741	MmuEX0025671
MmuEX0023702	MmuEX0025745	MmuEX0025701
MmuEX0023723	MmuEX0025760	MmuEX0025702
MmuEX0023726	MmuEX0025761	MmuEX0025721
MmuEX0023734	MmuEX0025762	MmuEX0025742
MmuEX0023736	MmuEX0025796	MmuEX0025756
MmuEX0023737	MmuEX0025848	MmuEX0025791
MmuEX0023738	MmuEX0025864	MmuEX0025861
MmuEX0023747	MmuEX0025888	MmuEX0025891
MmuEX0023783	MmuEX0025928	MmuEX0025901
MmuEX0023784	MmuEX0025941	MmuEX0025916
MmuEX0023833	MmuEX0025950	MmuEX0025921
MmuEX0024037	MmuEX0026001	MmuEX0025942
MmuEX0024107	MmuEX0026014	MmuEX0025993
MmuEX0024201	MmuEX0026021	MmuEX0026067
MmuEX0024226	MmuEX0026075	MmuEX0026097
MmuEX0024227	MmuEX0026099	MmuEX0026174
MmuEX0024228	MmuEX0026229	MmuEX0026201
MmuEX0024374	MmuEX0026256	MmuEX0026203
MmuEX0024376	MmuEX0026370	MmuEX0026269
MmuEX0024406	MmuEX0026494	MmuEX0026389
MmuEX0024564	MmuEX0026554	MmuEX0026465
MmuEX0024616	MmuEX0026561	MmuEX0026590
MmuEX0024751	MmuEX0026605	MmuEX0026760
MmuEX0024758	MmuEX0026616	MmuEX0026845
MmuEX0024832	MmuEX0026679	MmuEX0026921
MmuEX0024862	MmuEX0026682	MmuEX0026929
MmuEX0024908	MmuEX0026695	MmuEX0026967
MmuEX0024940	MmuEX0026750	MmuEX0026989
MmuEX0024998	MmuEX0026816	MmuEX0027033
MmuEX0025206	MmuEX0026916	MmuEX0027038
MmuEX0025235	MmuEX0026983	MmuEX0027341
MmuEX0025452	MmuEX0027002	MmuEX0027387
MmuEX0025532	MmuEX0027006	MmuEX0027421
MmuEX0025540	MmuEX0027020	MmuEX0027472
MmuEX0025604	MmuEX0027052	MmuEX0027729
MmuEX0025639	MmuEX0027218	MmuEX0027807
MmuEX0025876	MmuEX0027225	MmuEX0027934
MmuEX0025900	MmuEX0027301	MmuEX0027947
MmuEX0025957	MmuEX0027326	MmuEX0028016
MmuEX0025958	MmuEX0027385	MmuEX0028021
MmuEX0026030	MmuEX0027492	MmuEX0028074
MmuEX0026107	MmuEX0027662	MmuEX0028088
MmuEX0026145	MmuEX0027667	MmuEX0028147
MmuEX0026156	MmuEX0027669	MmuEX0028152
MmuEX0026249	MmuEX0027676	MmuEX0028153
MmuEX0026306	MmuEX0027701	MmuEX0028220
MmuEX0026319	MmuEX0027766	MmuEX0028232
MmuEX0026344	MmuEX0027768	MmuEX0028258
MmuEX0026453	MmuEX0027798	MmuEX0028301
MmuEX0026454	MmuEX0027960	MmuEX0028328
MmuEX0026462	MmuEX0027995	MmuEX0028448
MmuEX0026463	MmuEX0028001	MmuEX0028457
MmuEX0026479	MmuEX0028002	MmuEX0028671
MmuEX0026512	MmuEX0028057	MmuEX0028709
MmuEX0026529	MmuEX0028066	MmuEX0028723
MmuEX0026565	MmuEX0028226	MmuEX0028729
MmuEX0026580	MmuEX0028227	MmuEX0028738
MmuEX0026584	MmuEX0028235	MmuEX0028806
MmuEX0026612	MmuEX0028288	MmuEX0028844
MmuEX0026622	MmuEX0028319	MmuEX0028850
MmuEX0026630	MmuEX0028449	MmuEX0028959
MmuEX0026665	MmuEX0028503	MmuEX0029019
MmuEX0026693	MmuEX0028504	MmuEX0029039
MmuEX0026782	MmuEX0028530	MmuEX0029066
MmuEX0026830	MmuEX0028541	MmuEX0029130
MmuEX0026838	MmuEX0028642	MmuEX0029260
MmuEX0026914	MmuEX0028668	MmuEX0029263
MmuEX0026932	MmuEX0029006	MmuEX0029332
MmuEX0027018	MmuEX0029016	MmuEX0029338
MmuEX0027138	MmuEX0029047	MmuEX0029346
MmuEX0027185	MmuEX0029050	MmuEX0029380
MmuEX0027503	MmuEX0029058	MmuEX0029393
MmuEX0027517	MmuEX0029176	MmuEX0029417
MmuEX0027546	MmuEX0029273	MmuEX0029435
MmuEX0027748	MmuEX0029326	MmuEX0029436
MmuEX0027767	MmuEX0029353	MmuEX0029632
MmuEX0027803	MmuEX0029385	MmuEX0029663
MmuEX0027859	MmuEX0029415	MmuEX0029741
MmuEX0027892	MmuEX0029419	MmuEX0029749
MmuEX0027896	MmuEX0029605	MmuEX0029769
MmuEX0027943	MmuEX0029633	MmuEX0029783
MmuEX0027959	MmuEX0029658	MmuEX0029875
MmuEX0028010	MmuEX0029693	MmuEX0029921
MmuEX0028286	MmuEX0029708	MmuEX0029980
MmuEX0028299	MmuEX0029723	MmuEX0029981
MmuEX0028320	MmuEX0029724	MmuEX0030066
MmuEX0028323	MmuEX0029729	MmuEX0030093
MmuEX0028324	MmuEX0029743	MmuEX0030095
MmuEX0028329	MmuEX0029746	MmuEX0030098
MmuEX0028417	MmuEX0029761	MmuEX0030160
MmuEX0028420	MmuEX0029785	MmuEX0030204
MmuEX0028445	MmuEX0029792	MmuEX0030207
MmuEX0028484	MmuEX0029795	MmuEX0030441
MmuEX0028491	MmuEX0029797	MmuEX0030496
MmuEX0028495	MmuEX0029798	MmuEX0030627
MmuEX0028523	MmuEX0029799	MmuEX0030649
MmuEX0028553	MmuEX0029803	MmuEX0030676
MmuEX0028718	MmuEX0029804	MmuEX0030684
MmuEX0028721	MmuEX0029948	MmuEX0030691
MmuEX0028746	MmuEX0029959	MmuEX0030718
MmuEX0028767	MmuEX0029964	MmuEX0030732
MmuEX0028780	MmuEX0029969	MmuEX0030736
MmuEX0028797	MmuEX0029970	MmuEX0030743
MmuEX0028802	MmuEX0029977	MmuEX0030747
MmuEX0028809	MmuEX0030011	MmuEX0030750
MmuEX0028957	MmuEX0030142	MmuEX0030751
MmuEX0029024	MmuEX0030146	MmuEX0030797
MmuEX0029049	MmuEX0030147	MmuEX0030798
MmuEX0029053	MmuEX0030167	MmuEX0030821
MmuEX0029126	MmuEX0030168	MmuEX0031055
MmuEX0029269	MmuEX0030169	MmuEX0031145
MmuEX0029270	MmuEX0030174	MmuEX0031155
MmuEX0029334	MmuEX0030417	MmuEX0031157
MmuEX0029363	MmuEX0030450	MmuEX0031187
MmuEX0029372	MmuEX0030455	MmuEX0031224
MmuEX0029379	MmuEX0030648	MmuEX0031237
MmuEX0029444	MmuEX0030657	MmuEX0031316
MmuEX0029469	MmuEX0030690	MmuEX0031426
MmuEX0029480	MmuEX0030785	MmuEX0031428
MmuEX0029485	MmuEX0030913	MmuEX0031431
MmuEX0029517	MmuEX0030946	MmuEX0031432
MmuEX0029521	MmuEX0030965	MmuEX0031433
MmuEX0029672	MmuEX0030978	MmuEX0031437
MmuEX0029684	MmuEX0030995	MmuEX0031438
MmuEX0029709	MmuEX0031067	MmuEX0031439
MmuEX0029720	MmuEX0031163	MmuEX0031636
MmuEX0029721	MmuEX0031227	MmuEX0031715
MmuEX0029752	MmuEX0031250	MmuEX0031781
MmuEX0029832	MmuEX0031292	MmuEX0031782
MmuEX0029848	MmuEX0031427	MmuEX0031784
MmuEX0029906	MmuEX0031466	MmuEX0031836
MmuEX0029911	MmuEX0031467	MmuEX0031886
MmuEX0029946	MmuEX0031492	MmuEX0031898
MmuEX0029947	MmuEX0031497	MmuEX0031936
MmuEX0030010	MmuEX0031503	MmuEX0031978
MmuEX0030030	MmuEX0031504	MmuEX0032121
MmuEX0030075	MmuEX0031617	MmuEX0032240
MmuEX0030134	MmuEX0031639	MmuEX0032264
MmuEX0030141	MmuEX0031640	MmuEX0032290
MmuEX0030152	MmuEX0031647	MmuEX0032294
MmuEX0030185	MmuEX0031669	MmuEX0032483
MmuEX0030443	MmuEX0031680	MmuEX0032569
MmuEX0030473	MmuEX0031716	MmuEX0032621
MmuEX0030493	MmuEX0031717	MmuEX0032645
MmuEX0030529	MmuEX0031837	MmuEX0032675
MmuEX0030533	MmuEX0031838	MmuEX0032679
MmuEX0030647	MmuEX0031897	MmuEX0032722
MmuEX0030711	MmuEX0031948	MmuEX0032728
MmuEX0030722	MmuEX0031949	MmuEX0032941
MmuEX0030726	MmuEX0032091	MmuEX0033037
MmuEX0030728	MmuEX0032110	MmuEX0033053
MmuEX0030760	MmuEX0032296	MmuEX0033105
MmuEX0030786	MmuEX0032349	MmuEX0033194
MmuEX0030867	MmuEX0032360	MmuEX0033247
MmuEX0030877	MmuEX0032509	MmuEX0033281
MmuEX0030890	MmuEX0032517	MmuEX0033312
MmuEX0030934	MmuEX0032544	MmuEX0033335
MmuEX0031029	MmuEX0032568	MmuEX0033336
MmuEX0031063	MmuEX0032597	MmuEX0033353
MmuEX0031078	MmuEX0032619	MmuEX0033597
MmuEX0031079	MmuEX0032620	MmuEX0033604
MmuEX0031082	MmuEX0032683	MmuEX0033633
MmuEX0031090	MmuEX0032713	MmuEX0033637
MmuEX0031114	MmuEX0032784	MmuEX0033640
MmuEX0031142	MmuEX0032811	MmuEX0033709
MmuEX0031143	MmuEX0032891	MmuEX0033835
MmuEX0031291	MmuEX0032961	MmuEX0033873
MmuEX0031296	MmuEX0033019	MmuEX0033874
MmuEX0031385	MmuEX0033027	MmuEX0033886
MmuEX0031406	MmuEX0033088	MmuEX0033900
MmuEX0031422	MmuEX0033189	MmuEX0033988
MmuEX0031495	MmuEX0033249	MmuEX0034006
MmuEX0031499	MmuEX0033345	MmuEX0034012
MmuEX0031632	MmuEX0033350	MmuEX0034017
MmuEX0031676	MmuEX0033414	MmuEX0034018
MmuEX0031696	MmuEX0033425	MmuEX0034152
MmuEX0031780	MmuEX0033428	MmuEX0034255
MmuEX0031785	MmuEX0033488	MmuEX0034266
MmuEX0031834	MmuEX0033573	MmuEX0034268
MmuEX0031864	MmuEX0033631	MmuEX0034305
MmuEX0031937	MmuEX0033639	MmuEX0034339
MmuEX0031945	MmuEX0033663	MmuEX0034417
MmuEX0031967	MmuEX0033679	MmuEX0034481
MmuEX0032012	MmuEX0033689	MmuEX0034487
MmuEX0032013	MmuEX0033736	MmuEX0034497
MmuEX0032092	MmuEX0033746	MmuEX0034504
MmuEX0032116	MmuEX0033781	MmuEX0034508
MmuEX0032120	MmuEX0033817	MmuEX0034509
MmuEX0032153	MmuEX0034100	MmuEX0034511
MmuEX0032154	MmuEX0034120	MmuEX0034522
MmuEX0032172	MmuEX0034145	MmuEX0034565
MmuEX0032187	MmuEX0034256	MmuEX0034623
MmuEX0032194	MmuEX0034263	MmuEX0034700
MmuEX0032415	MmuEX0034264	MmuEX0034712
MmuEX0032439	MmuEX0034269	MmuEX0034714
MmuEX0032447	MmuEX0034299	MmuEX0034733
MmuEX0032448	MmuEX0034370	MmuEX0034782
MmuEX0032479	MmuEX0034371	MmuEX0034834
MmuEX0032482	MmuEX0034428	MmuEX0034855
MmuEX0032567	MmuEX0034433	MmuEX0034915
MmuEX0032667	MmuEX0034488	MmuEX0034960
MmuEX0032670	MmuEX0034505	MmuEX0034983
MmuEX0032704	MmuEX0034518	MmuEX0035011
MmuEX0032705	MmuEX0034619	MmuEX0035090
MmuEX0032706	MmuEX0034673	MmuEX0035208
MmuEX0032707	MmuEX0034742	MmuEX0035230
MmuEX0032772	MmuEX0034743	MmuEX0035231
MmuEX0032803	MmuEX0034790	MmuEX0035392
MmuEX0032830	MmuEX0034987	MmuEX0035459
MmuEX0032894	MmuEX0035051	MmuEX0035505
MmuEX0033095	MmuEX0035052	MmuEX0035540
MmuEX0033101	MmuEX0035053	MmuEX0035615
MmuEX0033139	MmuEX0035054	MmuEX0035657
MmuEX0033149	MmuEX0035055	MmuEX0035708
MmuEX0033150	MmuEX0035056	MmuEX0035723
MmuEX0033157	MmuEX0035063	MmuEX0035724
MmuEX0033158	MmuEX0035154	MmuEX0035745
MmuEX0033192	MmuEX0035406	MmuEX0035747
MmuEX0033193	MmuEX0035717	MmuEX0035767
MmuEX0033195	MmuEX0035718	MmuEX0035806
MmuEX0033252	MmuEX0035748	MmuEX0035938
MmuEX0033429	MmuEX0035804	MmuEX0035939
MmuEX0033500	MmuEX0035997	MmuEX0036076
MmuEX0033509	MmuEX0036091	MmuEX0036079
MmuEX0033515	MmuEX0036103	MmuEX0036081
MmuEX0033540	MmuEX0036164	MmuEX0036147
MmuEX0033592	MmuEX0036245	MmuEX0036154
MmuEX0033599	MmuEX0036246	MmuEX0036155
MmuEX0033719	MmuEX0036250	MmuEX0036156
MmuEX0033737	MmuEX0036257	MmuEX0036157
MmuEX0033784	MmuEX0036268	MmuEX0036158
MmuEX0033788	MmuEX0036312	MmuEX0036169
MmuEX0033829	MmuEX0036313	MmuEX0036170
MmuEX0033856	MmuEX0036340	MmuEX0036171
MmuEX0033903	MmuEX0036344	MmuEX0036183
MmuEX0033904	MmuEX0036348	MmuEX0036196
MmuEX0033978	MmuEX0036353	MmuEX0036223
MmuEX0034011	MmuEX0036359	MmuEX0036238
MmuEX0034028	MmuEX0036381	MmuEX0036241
MmuEX0034076	MmuEX0036382	MmuEX0036253
MmuEX0034110	MmuEX0036470	MmuEX0036308
MmuEX0034126	MmuEX0036534	MmuEX0036315
MmuEX0034134	MmuEX0036562	MmuEX0036325
MmuEX0034251	MmuEX0036570	MmuEX0036355
MmuEX0034253	MmuEX0036579	MmuEX0036437
MmuEX0034267	MmuEX0036607	MmuEX0036438
MmuEX0034272	MmuEX0036644	MmuEX0036442
MmuEX0034276	MmuEX0036769	MmuEX0036458
MmuEX0034289	MmuEX0036780	MmuEX0036547
MmuEX0034426	MmuEX0036786	MmuEX0036551
MmuEX0034437	MmuEX0036868	MmuEX0036585
MmuEX0034482	MmuEX0036892	MmuEX0036672
MmuEX0034490	MmuEX0037013	MmuEX0036677
MmuEX0034491	MmuEX0037058	MmuEX0036689
MmuEX0034519	MmuEX0037076	MmuEX0036802
MmuEX0034543	MmuEX0037108	MmuEX0036881
MmuEX0034556	MmuEX0037152	MmuEX0036960
MmuEX0034569	MmuEX0037209	MmuEX0037170
MmuEX0034571	MmuEX0037210	MmuEX0037194
MmuEX0034693	MmuEX0037221	MmuEX0037249
MmuEX0034752	MmuEX0037234	MmuEX0037263
MmuEX0034799	MmuEX0037243	MmuEX0037306
MmuEX0034859	MmuEX0037244	MmuEX0037337
MmuEX0034910	MmuEX0037358	MmuEX0037375
MmuEX0034923	MmuEX0037384	MmuEX0037573
MmuEX0034924	MmuEX0037390	MmuEX0037619
MmuEX0034967	MmuEX0037391	MmuEX0037627
MmuEX0034990	MmuEX0037558	MmuEX0037677
MmuEX0035020	MmuEX0037564	MmuEX0037680
MmuEX0035044	MmuEX0037631	MmuEX0037705
MmuEX0035075	MmuEX0037702	MmuEX0037710
MmuEX0035094	MmuEX0037734	MmuEX0037726
MmuEX0035112	MmuEX0037824	MmuEX0037760
MmuEX0035172	MmuEX0037869	MmuEX0037765
MmuEX0035218	MmuEX0037922	MmuEX0038017
MmuEX0035246	MmuEX0037989	MmuEX0038034
MmuEX0035466	MmuEX0037992	MmuEX0038060
MmuEX0035472	MmuEX0038055	MmuEX0038070
MmuEX0035520	MmuEX0038090	MmuEX0038082
MmuEX0035521	MmuEX0038212	MmuEX0038094
MmuEX0035660	MmuEX0038235	MmuEX0038095
MmuEX0035814	MmuEX0038267	MmuEX0038105
MmuEX0035828	MmuEX0038290	MmuEX0038172
MmuEX0035916	MmuEX0038380	MmuEX0038198
MmuEX0035975	MmuEX0038404	MmuEX0038340
MmuEX0036028	MmuEX0038408	MmuEX0038347
MmuEX0036029	MmuEX0038451	MmuEX0038351
MmuEX0036032	MmuEX0038463	MmuEX0038385
MmuEX0036033	MmuEX0038472	MmuEX0038427
MmuEX0036035	MmuEX0038486	MmuEX0038440
MmuEX0036045	MmuEX0038504	MmuEX0038464
MmuEX0036051	MmuEX0038512	MmuEX0038473
MmuEX0036054	MmuEX0038535	MmuEX0038495
MmuEX0036075	MmuEX0038536	MmuEX0038499
MmuEX0036087	MmuEX0038570	MmuEX0038502
MmuEX0036088	MmuEX0038575	MmuEX0038590
MmuEX0036126	MmuEX0038592	MmuEX0038652
MmuEX0036127	MmuEX0038599	MmuEX0038672
MmuEX0036141	MmuEX0038651	MmuEX0038736
MmuEX0036190	MmuEX0038656	MmuEX0038858
MmuEX0036262	MmuEX0038724	MmuEX0038859
MmuEX0036270	MmuEX0038743	MmuEX0038881
MmuEX0036276	MmuEX0038811	MmuEX0039031
MmuEX0036306	MmuEX0038819	MmuEX0039042
MmuEX0036407	MmuEX0038941	MmuEX0039074
MmuEX0036413	MmuEX0039047	MmuEX0039127
MmuEX0036416	MmuEX0039048	MmuEX0039199
MmuEX0036529	MmuEX0039155	MmuEX0039231
MmuEX0036542	MmuEX0039228	MmuEX0039232
MmuEX0036641	MmuEX0039237	MmuEX0039304
MmuEX0036720	MmuEX0039264	MmuEX0039369
MmuEX0036806	MmuEX0039292	MmuEX0039424
MmuEX0036807	MmuEX0039368	MmuEX0039459
MmuEX0036880	MmuEX0039400	MmuEX0039515
MmuEX0036904	MmuEX0039421	MmuEX0039517
MmuEX0036911	MmuEX0039484	MmuEX0039526
MmuEX0036964	MmuEX0039498	MmuEX0039543
MmuEX0037061	MmuEX0039570	MmuEX0039576
MmuEX0037066	MmuEX0039620	MmuEX0039606
MmuEX0037161	MmuEX0039660	MmuEX0039721
MmuEX0037162	MmuEX0039724	MmuEX0039748
MmuEX0037203	MmuEX0039804	MmuEX0039807
MmuEX0037245	MmuEX0039861	MmuEX0039862
MmuEX0037268	MmuEX0039909	MmuEX0039898
MmuEX0037270	MmuEX0039910	MmuEX0040072
MmuEX0037272	MmuEX0039911	MmuEX0040156
MmuEX0037273	MmuEX0039951	MmuEX0040164
MmuEX0037274	MmuEX0039989	MmuEX0040178
MmuEX0037275	MmuEX0039993	MmuEX0040224
MmuEX0037276	MmuEX0040025	MmuEX0040227
MmuEX0037277	MmuEX0040029	MmuEX0040232
MmuEX0037312	MmuEX0040035	MmuEX0040291
MmuEX0037406	MmuEX0040078	MmuEX0040335
MmuEX0037407	MmuEX0040082	MmuEX0040454
MmuEX0037491	MmuEX0040090	MmuEX0040486
MmuEX0037494	MmuEX0040091	MmuEX0040720
MmuEX0037588	MmuEX0040101	MmuEX0040739
MmuEX0037611	MmuEX0040173	MmuEX0040743
MmuEX0037620	MmuEX0040184	MmuEX0040785
MmuEX0037671	MmuEX0040207	MmuEX0040810
MmuEX0037672	MmuEX0040265	MmuEX0040811
MmuEX0037709	MmuEX0040287	MmuEX0040911
MmuEX0037731	MmuEX0040288	MmuEX0040928
MmuEX0037775	MmuEX0040295	MmuEX0040955
MmuEX0037825	MmuEX0040337	MmuEX0040975
MmuEX0037828	MmuEX0040341	MmuEX0040978
MmuEX0037913	MmuEX0040358	MmuEX0041075
MmuEX0037917	MmuEX0040428	MmuEX0041118
MmuEX0038028	MmuEX0040484	MmuEX0041155
MmuEX0038056	MmuEX0040500	MmuEX0041172
MmuEX0038067	MmuEX0040501	MmuEX0041319
MmuEX0038096	MmuEX0040503	MmuEX0041393
MmuEX0038101	MmuEX0040514	MmuEX0041395
MmuEX0038167	MmuEX0040549	MmuEX0041431
MmuEX0038191	MmuEX0040550	MmuEX0041442
MmuEX0038204	MmuEX0040551	MmuEX0041512
MmuEX0038205	MmuEX0040555	MmuEX0041572
MmuEX0038217	MmuEX0040600	MmuEX0041617
MmuEX0038251	MmuEX0040721	MmuEX0041625
MmuEX0038345	MmuEX0040741	MmuEX0041652
MmuEX0038349	MmuEX0040747	MmuEX0041693
MmuEX0038350	MmuEX0040787	MmuEX0041747
MmuEX0038353	MmuEX0040899	MmuEX0041750
MmuEX0038361	MmuEX0040910	MmuEX0041866
MmuEX0038461	MmuEX0040935	MmuEX0041881
MmuEX0038506	MmuEX0040974	MmuEX0041882
MmuEX0038692	MmuEX0040982	MmuEX0041908
MmuEX0038693	MmuEX0041026	MmuEX0041913
MmuEX0038804	MmuEX0041034	MmuEX0041925
MmuEX0038808	MmuEX0041036	MmuEX0042180
MmuEX0038823	MmuEX0041053	MmuEX0042247
MmuEX0038886	MmuEX0041068	MmuEX0042278
MmuEX0038960	MmuEX0041082	MmuEX0042407
MmuEX0038967	MmuEX0041120	MmuEX0042419
MmuEX0038974	MmuEX0041143	MmuEX0042467
MmuEX0038975	MmuEX0041148	MmuEX0042525
MmuEX0038976	MmuEX0041163	MmuEX0042538
MmuEX0038987	MmuEX0041191	MmuEX0042591
MmuEX0039043	MmuEX0041196	MmuEX0042592
MmuEX0039054	MmuEX0041197	MmuEX0042596
MmuEX0039070	MmuEX0041352	MmuEX0042597
MmuEX0039106	MmuEX0041390	MmuEX0042924
MmuEX0039109	MmuEX0041469	MmuEX0042925
MmuEX0039112	MmuEX0041550	MmuEX0043021
MmuEX0039159	MmuEX0041560	MmuEX0043112
MmuEX0039163	MmuEX0041618	MmuEX0043224
MmuEX0039351	MmuEX0041656	MmuEX0043405
MmuEX0039378	MmuEX0041680	MmuEX0043629
MmuEX0039396	MmuEX0041681	MmuEX0043810
MmuEX0039452	MmuEX0041740	MmuEX0043840
MmuEX0039466	MmuEX0041755	MmuEX0043903
MmuEX0039467	MmuEX0041816	MmuEX0043937
MmuEX0039469	MmuEX0041979	MmuEX0043958
MmuEX0039491	MmuEX0042078	MmuEX0044036
MmuEX0039518	MmuEX0042093	MmuEX0044049
MmuEX0039605	MmuEX0042185	MmuEX0044098
MmuEX0039667	MmuEX0042205	MmuEX0044142
MmuEX0039672	MmuEX0042359	MmuEX0044149
MmuEX0039673	MmuEX0042384	MmuEX0044210
MmuEX0039701	MmuEX0042448	MmuEX0044298
MmuEX0039775	MmuEX0042469	MmuEX0044304
MmuEX0039945	MmuEX0042510	MmuEX0044306
MmuEX0039946	MmuEX0042550	MmuEX0044312
MmuEX0039950	MmuEX0042605	MmuEX0044682
MmuEX0039998	MmuEX0042793	MmuEX0044709
MmuEX0040002	MmuEX0042874	MmuEX0044710
MmuEX0040084	MmuEX0043015	MmuEX0044772
MmuEX0040085	MmuEX0043090	MmuEX0044782
MmuEX0040210	MmuEX0043270	MmuEX0044889
MmuEX0040240	MmuEX0043603	MmuEX0044933
MmuEX0040243	MmuEX0043745	MmuEX0044935
MmuEX0040264	MmuEX0043767	MmuEX0044982
MmuEX0040294	MmuEX0043832	MmuEX0045012
MmuEX0040330	MmuEX0043833	MmuEX0045106
MmuEX0040339	MmuEX0043881	MmuEX0045120
MmuEX0040340	MmuEX0043940	MmuEX0045121
MmuEX0040345	MmuEX0043941	MmuEX0045127
MmuEX0040360	MmuEX0043942	MmuEX0045166
MmuEX0040379	MmuEX0043943	MmuEX0045220
MmuEX0040383	MmuEX0043944	MmuEX0045221
MmuEX0040429	MmuEX0043947	MmuEX0045222
MmuEX0040494	MmuEX0043948	MmuEX0045223
MmuEX0040569	MmuEX0044024	MmuEX0045224
MmuEX0040575	MmuEX0044047	MmuEX0045225
MmuEX0040596	MmuEX0044048	MmuEX0045227
MmuEX0040625	MmuEX0044056	MmuEX0045229
MmuEX0040670	MmuEX0044087	MmuEX0045230
MmuEX0040683	MmuEX0044150	MmuEX0045231
MmuEX0040686	MmuEX0044197	MmuEX0045232
MmuEX0040730	MmuEX0044219	MmuEX0045233
MmuEX0040734	MmuEX0044241	MmuEX0045234
MmuEX0040836	MmuEX0044276	MmuEX0045239
MmuEX0041001	MmuEX0044297	MmuEX0045240
MmuEX0041010	MmuEX0044302	MmuEX0045241
MmuEX0041014	MmuEX0044317	MmuEX0045260
MmuEX0041110	MmuEX0044372	MmuEX0045302
MmuEX0041130	MmuEX0044442	MmuEX0045324
MmuEX0041150	MmuEX0044478	MmuEX0045329
MmuEX0041164	MmuEX0044520	MmuEX0045365
MmuEX0041166	MmuEX0044551	MmuEX0045376
MmuEX0041167	MmuEX0044807	MmuEX0045404
MmuEX0041168	MmuEX0044809	MmuEX0045405
MmuEX0041169	MmuEX0044821	MmuEX0045421
MmuEX0041170	MmuEX0044826	MmuEX0045509
MmuEX0041205	MmuEX0044833	MmuEX0045532
MmuEX0041206	MmuEX0044834	MmuEX0045611
MmuEX0041207	MmuEX0044847	MmuEX0045615
MmuEX0041227	MmuEX0044869	MmuEX0045685
MmuEX0041371	MmuEX0044875	MmuEX0045735
MmuEX0041461	MmuEX0044892	MmuEX0045781
MmuEX0041583	MmuEX0044901	MmuEX0045782
MmuEX0041605	MmuEX0044915	MmuEX0045821
MmuEX0041664	MmuEX0044917	MmuEX0045830
MmuEX0041667	MmuEX0044944	MmuEX0045893
MmuEX0041731	MmuEX0044965	MmuEX0045897
MmuEX0041787	MmuEX0045015	MmuEX0045952
MmuEX0041883	MmuEX0045099	MmuEX0046004
MmuEX0041916	MmuEX0045268	MmuEX0046121
MmuEX0041959	MmuEX0045327	MmuEX0046125
MmuEX0042000	MmuEX0045487	MmuEX0046192
MmuEX0042003	MmuEX0045493	MmuEX0046211
MmuEX0042021	MmuEX0045556	MmuEX0046244
MmuEX0042065	MmuEX0045557	MmuEX0046266
MmuEX0042104	MmuEX0045608	MmuEX0046268
MmuEX0042107	MmuEX0045609	MmuEX0046269
MmuEX0042154	MmuEX0045618	MmuEX0046286
MmuEX0042280	MmuEX0045629	MmuEX0046294
MmuEX0042312	MmuEX0045631	MmuEX0046301
MmuEX0042332	MmuEX0045638	MmuEX0046356
MmuEX0042389	MmuEX0045641	MmuEX0046358
MmuEX0042406	MmuEX0045676	MmuEX0046373
MmuEX0042415	MmuEX0045702	MmuEX0046436
MmuEX0042416	MmuEX0045703	MmuEX0046437
MmuEX0042428	MmuEX0046167	MmuEX0046454
MmuEX0042451	MmuEX0046193	MmuEX0046494
MmuEX0042520	MmuEX0046277	MmuEX0046501
MmuEX0042521	MmuEX0046293	MmuEX0046529
MmuEX0042542	MmuEX0046355	MmuEX0046553
MmuEX0042560	MmuEX0046429	MmuEX0046572
MmuEX0042561	MmuEX0046447	MmuEX0046576
MmuEX0042563	MmuEX0046493	MmuEX0046577
MmuEX0042574	MmuEX0046500	MmuEX0046579
MmuEX0042602	MmuEX0046669	MmuEX0046706
MmuEX0042603	MmuEX0046725	MmuEX0046734
MmuEX0042640	MmuEX0046774	MmuEX0046742
MmuEX0042643	MmuEX0046776	MmuEX0046778
MmuEX0042647	MmuEX0046795	MmuEX0046787
MmuEX0042681	MmuEX0046797	MmuEX0046813
MmuEX0042708	MmuEX0046798	MmuEX0046835
MmuEX0042812	MmuEX0046799	MmuEX0046970
MmuEX0042859	MmuEX0046817	MmuEX0046971
MmuEX0042889	MmuEX0046856	MmuEX0046972
MmuEX0042917	MmuEX0047001	MmuEX0046973
MmuEX0043068	MmuEX0047021	MmuEX0046974
MmuEX0043073	MmuEX0047036	MmuEX0046985
MmuEX0043107	MmuEX0047077	MmuEX0047005
MmuEX0043116	MmuEX0047095	MmuEX0047029
MmuEX0043130	MmuEX0047197	MmuEX0047030
MmuEX0043203	MmuEX0047229	MmuEX0047031
MmuEX0043227	MmuEX0047234	MmuEX0047033
MmuEX0043228	MmuEX0047365	MmuEX0047064
MmuEX0043229	MmuEX0047373	MmuEX0047075
MmuEX0043256	MmuEX0047382	MmuEX0047076
MmuEX0043318	MmuEX0047454	MmuEX0047088
MmuEX0043412	MmuEX0047461	MmuEX0047267
MmuEX0043419	MmuEX0047518	MmuEX0047301
MmuEX0043493	MmuEX0047557	MmuEX0047303
MmuEX0043547	MmuEX0047622	MmuEX0047307
MmuEX0043582	MmuEX0047640	MmuEX0047313
MmuEX0043652	MmuEX0047704	MmuEX0047385
MmuEX0043754	MmuEX0047791	MmuEX0047472
MmuEX0043755	MmuEX0047805	MmuEX0047621
MmuEX0043777	MmuEX0047818	MmuEX0047651
MmuEX0043829	MmuEX0047846	MmuEX0047670
MmuEX0043830	MmuEX0047895	MmuEX0047672
MmuEX0043911	MmuEX0047899	MmuEX0047675
MmuEX0043969	MmuEX0047903	MmuEX0047676
MmuEX0043970	MmuEX0047910	MmuEX0047677
MmuEX0044013	MmuEX0047911	MmuEX0047718
MmuEX0044055	MmuEX0048007	MmuEX0047821
MmuEX0044105	MmuEX0048009	MmuEX0047852
MmuEX0044121	MmuEX0048065	MmuEX0047855
MmuEX0044139	MmuEX0048191	MmuEX0047865
MmuEX0044329	MmuEX0048206	MmuEX0047867
MmuEX0044451	MmuEX0048211	MmuEX0047869
MmuEX0044471	MmuEX0048212	MmuEX0047873
MmuEX0044539	MmuEX0048406	MmuEX0047880
MmuEX0044546	MmuEX0048585	MmuEX0047883
MmuEX0044552	MmuEX0048622	MmuEX0047929
MmuEX0044557	MmuEX0048631	MmuEX0047986
MmuEX0044572	MmuEX0048700	MmuEX0047994
MmuEX0044618	MmuEX0048735	MmuEX0047996
MmuEX0044653	MmuEX0048755	MmuEX0048008
MmuEX0044702	MmuEX0048783	MmuEX0048017
MmuEX0044796	MmuEX0048790	MmuEX0048029
MmuEX0044874	MmuEX0048879	MmuEX0048035
MmuEX0044920	MmuEX0048903	MmuEX0048082
MmuEX0044937	MmuEX0049019	MmuEX0048202
MmuEX0044954	MmuEX0049034	MmuEX0048313
MmuEX0044986	MmuEX0049058	MmuEX0048323
MmuEX0045019	MmuEX0049061	MmuEX0048328
MmuEX0045075	MmuEX0049188	MmuEX0048329
MmuEX0045112	MmuEX0049211	MmuEX0048379
MmuEX0045174	MmuEX0049242	MmuEX0048395
MmuEX0045265	MmuEX0049315	MmuEX0048464
MmuEX0045294	MmuEX0049368	MmuEX0048492
MmuEX0045295	MmuEX0049428	MmuEX0048493
MmuEX0045412	MmuEX0049440	MmuEX0048696
MmuEX0045413	MmuEX0049510	MmuEX0048707
MmuEX0045415	MmuEX0049579	MmuEX0048708
MmuEX0045419	MmuEX0049598	MmuEX0048765
MmuEX0045471	MmuEX0049604	MmuEX0048779
MmuEX0045504	MmuEX0049642	MmuEX0049072
MmuEX0045545	MmuEX0049653	MmuEX0049076
MmuEX0045547	MmuEX0049868	MmuEX0049103
MmuEX0045553	MmuEX0050068	MmuEX0049198
MmuEX0045577	MmuEX0050102	MmuEX0049209
MmuEX0045605	MmuEX0050145	MmuEX0049269
MmuEX0045624	MmuEX0050199	MmuEX0049294
MmuEX0045644	MmuEX0050213	MmuEX0049295
MmuEX0045656	MmuEX0050259	MmuEX0049534
MmuEX0045664	MmuEX0050371	MmuEX0049583
MmuEX0045753	MmuEX0050416	MmuEX0049607
MmuEX0045772	MmuEX0050438	MmuEX0049960
MmuEX0045773	MmuEX0050467	MmuEX0049987
MmuEX0045778	MmuEX0050521	MmuEX0050078
MmuEX0045814	MmuEX0050541	MmuEX0050104
MmuEX0045867	MmuEX0050553	MmuEX0050270
MmuEX0045882	MmuEX0050626	MmuEX0050388
MmuEX0045898	MmuEX0050683	MmuEX0050419
MmuEX0045955	MmuEX0050723	MmuEX0050475
MmuEX0046008	MmuEX0050736	MmuEX0050505
MmuEX0046068	MmuEX0050848	MmuEX0050576
MmuEX0046136	MmuEX0050897	MmuEX0050597
MmuEX0046291	MmuEX0050937	MmuEX0050627
MmuEX0046292	MmuEX0051037	MmuEX0050813
MmuEX0046305	MmuEX0051101	MmuEX0050866
MmuEX0046372	MmuEX0051102	MmuEX0050867
MmuEX0046435	MmuEX0051108	MmuEX0050922
MmuEX0046580	MmuEX0051131	MmuEX0050924
MmuEX0046596	MmuEX0051407	MmuEX0050959
MmuEX0046649	MmuEX0051408	MmuEX0051004
MmuEX0046654	MmuEX0051537	MmuEX0051026
MmuEX0046655	MmuEX0051620	MmuEX0051055
MmuEX0046656	MmuEX0051629	MmuEX0051111
MmuEX0046657	MmuEX0051727	MmuEX0051119
MmuEX0046667	MmuEX0051745	MmuEX0051120
MmuEX0046704	MmuEX0051810	MmuEX0051168
MmuEX0046714	MmuEX0051852	MmuEX0051224
MmuEX0046752	MmuEX0051853	MmuEX0051498
MmuEX0046775	MmuEX0051854	MmuEX0051528
MmuEX0046801	MmuEX0051857	MmuEX0051553
MmuEX0046824	MmuEX0051875	MmuEX0051554
MmuEX0046838	MmuEX0051880	MmuEX0051555
MmuEX0046930	MmuEX0051881	MmuEX0051578
MmuEX0046959	MmuEX0051902	MmuEX0051651
MmuEX0046965	MmuEX0051936	MmuEX0051653
MmuEX0046966	MmuEX0051966	MmuEX0051702
MmuEX0046978	MmuEX0052028	MmuEX0051732
MmuEX0047009	MmuEX0052038	MmuEX0051751
MmuEX0047010	MmuEX0052042	MmuEX0051783
MmuEX0047020	MmuEX0052092	MmuEX0051795
MmuEX0047022	MmuEX0052130	MmuEX0051812
MmuEX0047038	MmuEX0052148	MmuEX0051850
MmuEX0047057	MmuEX0052261	MmuEX0051887
MmuEX0047089	MmuEX0052373	MmuEX0051888
MmuEX0047200	MmuEX0052392	MmuEX0051889
MmuEX0047223	MmuEX0052414	MmuEX0051974
MmuEX0047251	MmuEX0052437	MmuEX0052037
MmuEX0047323	MmuEX0052438	MmuEX0052058
MmuEX0047353	MmuEX0052463	MmuEX0052095
MmuEX0047355	MmuEX0052475	MmuEX0052101
MmuEX0047372	MmuEX0052492	MmuEX0052133
MmuEX0047455	MmuEX0052539	MmuEX0052144
MmuEX0047509	MmuEX0052540	MmuEX0052146
MmuEX0047555	MmuEX0052541	MmuEX0052296
MmuEX0047568	MmuEX0052552	MmuEX0052322
MmuEX0047569	MmuEX0052592	MmuEX0052377
MmuEX0047570	MmuEX0052593	MmuEX0052381
MmuEX0047607	MmuEX0052681	MmuEX0052399
MmuEX0047609	MmuEX0052815	MmuEX0052403
MmuEX0047648	MmuEX0052904	MmuEX0052429
MmuEX0047663	MmuEX0052937	MmuEX0052432
MmuEX0047684	MmuEX0052966	MmuEX0052433
MmuEX0047731	MmuEX0053185	MmuEX0052440
MmuEX0047734	MmuEX0053580	MmuEX0052458
MmuEX0047747	MmuEX0053688	MmuEX0052480
MmuEX0047834	MmuEX0053738	MmuEX0052528
MmuEX0047837	MmuEX0053744	MmuEX0052544
MmuEX0047920	MmuEX0053785	MmuEX0052553
MmuEX0048019	MmuEX0053920	MmuEX0052559
MmuEX0048026	MmuEX0054003	MmuEX0052601
MmuEX0048027	MmuEX0054039	MmuEX0052660
MmuEX0048031	MmuEX0054041	MmuEX0052710
MmuEX0048071	MmuEX0054049	MmuEX0052828
MmuEX0048084	MmuEX1000047	MmuEX0052874
MmuEX0048124	MmuEX1000973	MmuEX0052880
MmuEX0048126	MmuEX1001308	MmuEX0052891
MmuEX0048132	MmuEX1002087	MmuEX0052905
MmuEX0048155	MmuEX1003075	MmuEX0052906
MmuEX0048209	MmuEX1003228	MmuEX0052934
MmuEX0048276	MmuEX1003542	MmuEX0052939
MmuEX0048297	MmuEX1003687	MmuEX0053018
MmuEX0048298	MmuEX1003931	MmuEX0053031
MmuEX0048302	MmuEX1004041	MmuEX0053048
MmuEX0048529	MmuEX1004315	MmuEX0053189
MmuEX0048542	MmuEX1004341	MmuEX0053300
MmuEX0048543	MmuEX1004357	MmuEX0053313
MmuEX0048750	MmuEX1005231	MmuEX0053326
MmuEX0048768	MmuEX1005264	MmuEX0053359
MmuEX0048771	MmuEX1007141	MmuEX0053360
MmuEX0048775	MmuEX1007154	MmuEX0053390
MmuEX0048792	MmuEX1007407	MmuEX0053394
MmuEX0048795	MmuEX1008175	MmuEX0053425
MmuEX0048799	MmuEX1008298	MmuEX0053451
MmuEX0048853	MmuEX1009005	MmuEX0053453
MmuEX0048881	MmuEX1009270	MmuEX0053461
MmuEX0048909	MmuEX1009353	MmuEX0053462
MmuEX0048997	MmuEX1010068	MmuEX0053484
MmuEX0049005	MmuEX1010222	MmuEX0053509
MmuEX0049020	MmuEX1010326	MmuEX0053557
MmuEX0049029	MmuEX1010667	MmuEX0053592
MmuEX0049031	MmuEX1010745	MmuEX0053596
MmuEX0049071	MmuEX1010933	MmuEX0053656
MmuEX0049252	MmuEX1011020	MmuEX0053755
MmuEX0049268	MmuEX1011570	MmuEX0053832
MmuEX0049282	MmuEX1011881	MmuEX0053845
MmuEX0049296	MmuEX1013023	MmuEX0053854
MmuEX0049297	MmuEX1013843	MmuEX0053857
MmuEX0049298	MmuEX1014049	MmuEX0053998
MmuEX0049299	MmuEX1014305	MmuEX0054007
MmuEX0049385	MmuEX1014408	MmuEX0054038
MmuEX0049545	MmuEX1014759	MmuEX0054089
MmuEX0049596	MmuEX1015201	MmuEX0054091
MmuEX0049597	MmuEX1015308	MmuEX0054092
MmuEX0049632	MmuEX1015351	MmuEX1000039
MmuEX0049633	MmuEX1015785	MmuEX1000330
MmuEX0049678	MmuEX1015913	MmuEX1001456
MmuEX0049859	MmuEX1016556	MmuEX1001818
MmuEX0049893	MmuEX1016830	MmuEX1002091
MmuEX0049899	MmuEX1017011	MmuEX1002340
MmuEX0049905	MmuEX1017045	MmuEX1002481
MmuEX0049942	MmuEX1017642	MmuEX1002895
MmuEX0049947	MmuEX1018124	MmuEX1003561
MmuEX0049955	MmuEX1018432	MmuEX1003932
MmuEX0049986	MmuEX1019023	MmuEX1003963
MmuEX0049997	MmuEX1019189	MmuEX1004533
MmuEX0049998	MmuEX1019874	MmuEX1004945
MmuEX0050013	MmuEX1019878	MmuEX1006022
MmuEX0050072	MmuEX1020647	MmuEX1006173
MmuEX0050089	MmuEX1020953	MmuEX1006220
MmuEX0050129	MmuEX1020991	MmuEX1006318
MmuEX0050140	MmuEX1022246	MmuEX1006393
MmuEX0050164	MmuEX1022520	MmuEX1006420
MmuEX0050177	MmuEX1024009	MmuEX1006460
MmuEX0050196	MmuEX1024106	MmuEX1006556
MmuEX0050224	MmuEX1024841	MmuEX1006601
MmuEX0050228	MmuEX1025378	MmuEX1006929
MmuEX0050250	MmuEX1025409	MmuEX1007053
MmuEX0050256	MmuEX1025434	MmuEX1007134
MmuEX0050262	MmuEX1025618	MmuEX1007915
MmuEX0050293	MmuEX1025677	MmuEX1008786
MmuEX0050302	MmuEX1025802	MmuEX1009026
MmuEX0050418	MmuEX1025989	MmuEX1009035
MmuEX0050435	MmuEX1026187	MmuEX1009167
MmuEX0050450	MmuEX1026256	MmuEX1009396
MmuEX0050511	MmuEX1026364	MmuEX1009896
MmuEX0050539	MmuEX1026402	MmuEX1010414
MmuEX0050540	MmuEX1026585	MmuEX1010535
MmuEX0050567	MmuEX1026955	MmuEX1010715
MmuEX0050569	MmuEX1026988	MmuEX1010833
MmuEX0050604	MmuEX1027077	MmuEX1010891
MmuEX0050605	MmuEX1027209	MmuEX1011115
MmuEX0050606	MmuEX1027329	MmuEX1012793
MmuEX0050607	MmuEX1027730	MmuEX1013805
MmuEX0050613	MmuEX1027894	MmuEX1013885
MmuEX0050681	MmuEX1028013	MmuEX1014070
MmuEX0050756	MmuEX1028635	MmuEX1014362
MmuEX0050764	MmuEX1028957	MmuEX1014582
MmuEX0050802	MmuEX1029112	MmuEX1014583
MmuEX0050803	MmuEX1029152	MmuEX1014624
MmuEX0050809	MmuEX6000011	MmuEX1014714
MmuEX0050818	MmuEX6000026	MmuEX1014715
MmuEX0050819	MmuEX6000139	MmuEX1014716
MmuEX0050913	MmuEX6000146	MmuEX1014819
MmuEX0050931	MmuEX6000352	MmuEX1014973
MmuEX0050973	MmuEX6000355	MmuEX1015024
MmuEX0051000	MmuEX6000494	MmuEX1015501
MmuEX0051057	MmuEX6000511	MmuEX1015810
MmuEX0051062	MmuEX6000590	MmuEX1015825
MmuEX0051065	MmuEX6000593	MmuEX1015826
MmuEX0051066	MmuEX6000634	MmuEX1016009
MmuEX0051067	MmuEX6000636	MmuEX1016922
MmuEX0051095	MmuEX6000708	MmuEX1018075
MmuEX0051124	MmuEX6000925	MmuEX1018153
MmuEX0051226	MmuEX6000927	MmuEX1018226
MmuEX0051227	MmuEX6000968	MmuEX1018452
MmuEX0051228	MmuEX6000974	MmuEX1018607
MmuEX0051292	MmuEX6000975	MmuEX1018619
MmuEX0051402	MmuEX6001058	MmuEX1018876
MmuEX0051514	MmuEX6001064	MmuEX1019018
MmuEX0051522	MmuEX6001416	MmuEX1019270
MmuEX0051532	MmuEX6001439	MmuEX1019506
MmuEX0051544	MmuEX6001577	MmuEX1019534
MmuEX0051603	MmuEX6001616	MmuEX1020769
MmuEX0051713	MmuEX6001617	MmuEX1020837
MmuEX0051764	MmuEX6001907	MmuEX1020999
MmuEX0051834	MmuEX6001972	MmuEX1021189
MmuEX0051856	MmuEX6001974	MmuEX1022200
MmuEX0051877	MmuEX6002099	MmuEX1023137
MmuEX0051882	MmuEX6002103	MmuEX1023848
MmuEX0051898	MmuEX6002192	MmuEX1024361
MmuEX0052014	MmuEX6002194	MmuEX1024362
MmuEX0052036	MmuEX6002196	MmuEX1024413
MmuEX0052102	MmuEX6002347	MmuEX1024562
MmuEX0052193	MmuEX6002380	MmuEX1024722
MmuEX0052249	MmuEX6002724	MmuEX1024756
MmuEX0052280	MmuEX6002874	MmuEX1024876
MmuEX0052297	MmuEX6002935	MmuEX1024909
MmuEX0052324	MmuEX6002946	MmuEX1025018
MmuEX0052358	MmuEX6002978	MmuEX1025125
MmuEX0052364	MmuEX6003245	MmuEX1025366
MmuEX0052365	MmuEX6003246	MmuEX1025480
MmuEX0052393	MmuEX6003267	MmuEX1025619
MmuEX0052434	MmuEX6003270	MmuEX1025707
MmuEX0052435	MmuEX6003473	MmuEX1025764
MmuEX0052470	MmuEX6003476	MmuEX1026510
MmuEX0052551	MmuEX6003509	MmuEX1026511
MmuEX0052560	MmuEX6003564	MmuEX1026853
MmuEX0052637	MmuEX6003607	MmuEX1026982
MmuEX0052638	MmuEX6003856	MmuEX1026995
MmuEX0052699	MmuEX6003862	MmuEX1026996
MmuEX0052724	MmuEX6003881	MmuEX1026997
MmuEX0052783	MmuEX6003978	MmuEX1027448
MmuEX0052811	MmuEX6004134	MmuEX1027475
MmuEX0052842	MmuEX6004152	MmuEX1027849
MmuEX0052854	MmuEX6004318	MmuEX1028252
MmuEX0052858	MmuEX6004466	MmuEX1028738
MmuEX0052859	MmuEX6004685	MmuEX1029195
MmuEX0052929	MmuEX6004790	MmuEX1029260
MmuEX0052962	MmuEX6005104	MmuEX6000081
MmuEX0052970	MmuEX6005154	MmuEX6000157
MmuEX0053145	MmuEX6005206	MmuEX6000158
MmuEX0053187	MmuEX6005394	MmuEX6000161
MmuEX0053220	MmuEX6005452	MmuEX6000348
MmuEX0053264	MmuEX6005618	MmuEX6000402
MmuEX0053308	MmuEX6005626	MmuEX6000552
MmuEX0053387	MmuEX6005821	MmuEX6000597
MmuEX0053393	MmuEX6005991	MmuEX6000660
MmuEX0053478	MmuEX6006267	MmuEX6000663
MmuEX0053492	MmuEX6006312	MmuEX6000699
MmuEX0053533	MmuEX6006347	MmuEX6000704
MmuEX0053560	MmuEX6006353	MmuEX6000710
MmuEX0053636	MmuEX6006397	MmuEX6000766
MmuEX0053671	MmuEX6006467	MmuEX6000832
MmuEX0053679	MmuEX6006977	MmuEX6001270
MmuEX0053697	MmuEX6007099	MmuEX6001304
MmuEX0053718	MmuEX6007147	MmuEX6001402
MmuEX0053724	MmuEX6007168	MmuEX6001403
MmuEX0053762	MmuEX6007170	MmuEX6001554
MmuEX0053774	MmuEX6007436	MmuEX6001567
MmuEX0053890	MmuEX6007438	MmuEX6001608
MmuEX0053955	MmuEX6007439	MmuEX6001609
MmuEX0053956	MmuEX6007454	MmuEX6001610
MmuEX0053957	MmuEX6007619	MmuEX6001800
MmuEX0053990	MmuEX6007877	MmuEX6002330
MmuEX0053996	MmuEX6007933	MmuEX6002332
MmuEX0053997	MmuEX6008029	MmuEX6002344
MmuEX0054035	MmuEX6008030	MmuEX6002393
MmuEX0054036	MmuEX6008044	MmuEX6002512
MmuEX0054042	MmuEX6008061	MmuEX6002520
MmuEX0054043	MmuEX6008236	MmuEX6002723
MmuEX0054053	MmuEX6008577	MmuEX6002757
MmuEX0054067	MmuEX6009017	MmuEX6002878
MmuEX0054077	MmuEX6009034	MmuEX6003273
MmuEX0054100	MmuEX6009045	MmuEX6003282
MmuEX1000099	MmuEX6009128	MmuEX6003469
MmuEX1000440	MmuEX6009176	MmuEX6003552
MmuEX1000449	MmuEX6009259	MmuEX6003595
MmuEX1000721	MmuEX6009375	MmuEX6003752
MmuEX1001545	MmuEX6009402	MmuEX6003861
MmuEX1001884	MmuEX6010096	MmuEX6003887
MmuEX1002249	MmuEX6010308	MmuEX6003909
MmuEX1002684	MmuEX6010531	MmuEX6003910
MmuEX1002696	MmuEX6010629	MmuEX6003987
MmuEX1002748	MmuEX6010632	MmuEX6004109
MmuEX1002829	MmuEX6010763	MmuEX6004132
MmuEX1002830	MmuEX6011102	MmuEX6004141
MmuEX1003556	MmuEX6011103	MmuEX6004143
MmuEX1003644	MmuEX6011104	MmuEX6004144
MmuEX1004201	MmuEX6011139	MmuEX6004401
MmuEX1004313	MmuEX6011607	MmuEX6004788
MmuEX1004609	MmuEX6011998	MmuEX6004863
MmuEX1004646	MmuEX6012363	MmuEX6004902
MmuEX1004795	MmuEX6012463	MmuEX6005101
MmuEX1005207	MmuEX6012528	MmuEX6005133
MmuEX1005452	MmuEX6012578	MmuEX6005336
MmuEX1005455	MmuEX6012579	MmuEX6005337
MmuEX1005787	MmuEX6012638	MmuEX6005339
MmuEX1006116	MmuEX6012791	MmuEX6005363
MmuEX1006260	MmuEX6012999	MmuEX6005369
MmuEX1006500	MmuEX6013127	MmuEX6005457
MmuEX1007289	MmuEX6013135	MmuEX6005471
MmuEX1007381	MmuEX6013137	MmuEX6005674
MmuEX1007577	MmuEX6013147	MmuEX6005758
MmuEX1007812	MmuEX6013182	MmuEX6005773
MmuEX1008131	MmuEX6013204	MmuEX6005817
MmuEX1008269	MmuEX6013305	MmuEX6005837
MmuEX1009112	MmuEX6013506	MmuEX6005891
MmuEX1009228	MmuEX6013515	MmuEX6005945
MmuEX1010057	MmuEX6013520	MmuEX6005971
MmuEX1010138	MmuEX6013529	MmuEX6005974
MmuEX1010612	MmuEX6013769	MmuEX6006042
MmuEX1010789	MmuEX6013779	MmuEX6006185
MmuEX1010913	MmuEX6013802	MmuEX6006315
MmuEX1010995	MmuEX6013838	MmuEX6006390
MmuEX1011079	MmuEX6014045	MmuEX6006606
MmuEX1011117	MmuEX6014070	MmuEX6006892
MmuEX1011646	MmuEX6014145	MmuEX6006942
MmuEX1011781	MmuEX6014279	MmuEX6007550
MmuEX1011827	MmuEX6014363	MmuEX6007558
MmuEX1011838	MmuEX6014413	MmuEX6007642
MmuEX1011970	MmuEX6014550	MmuEX6007709
MmuEX1011979	MmuEX6014690	MmuEX6007710
MmuEX1012140	MmuEX6014741	MmuEX6007711
MmuEX1012845	MmuEX6014789	MmuEX6007853
MmuEX1013362	MmuEX6014790	MmuEX6007867
MmuEX1013663	MmuEX6014798	MmuEX6007959
MmuEX1013664	MmuEX6014915	MmuEX6007975
MmuEX1013824	MmuEX6014916	MmuEX6007976
MmuEX1013826	MmuEX6014917	MmuEX6008027
MmuEX1013857	MmuEX6015026	MmuEX6008501
MmuEX1014128	MmuEX6015027	MmuEX6008550
MmuEX1014458	MmuEX6015259	MmuEX6008575
MmuEX1015157	MmuEX6015280	MmuEX6008939
MmuEX1015196	MmuEX6015494	MmuEX6009372
MmuEX1015291	MmuEX6015548	MmuEX6009407
MmuEX1015624	MmuEX6015549	MmuEX6009456
MmuEX1015839	MmuEX6015623	MmuEX6009477
MmuEX1016015	MmuEX6015854	MmuEX6009489
MmuEX1016118	MmuEX6015866	MmuEX6010014
MmuEX1016565	MmuEX6016043	MmuEX6010344
MmuEX1016720	MmuEX6016119	MmuEX6010432
MmuEX1016773	MmuEX6016124	MmuEX6010455
MmuEX1017055	MmuEX6016172	MmuEX6010639
MmuEX1017057	MmuEX6016223	MmuEX6010640
MmuEX1017058	MmuEX6016453	MmuEX6010812
MmuEX1017086	MmuEX6016538	MmuEX6010814
MmuEX1017215	MmuEX6016557	MmuEX6011529
MmuEX1017326	MmuEX6017250	MmuEX6011671
MmuEX1017344	MmuEX6017398	MmuEX6012046
MmuEX1017379	MmuEX6017546	MmuEX6012144
MmuEX1017727	MmuEX6017549	MmuEX6012192
MmuEX1017861	MmuEX6017608	MmuEX6012251
MmuEX1017998	MmuEX6017617	MmuEX6012269
MmuEX1018082	MmuEX6017661	MmuEX6012699
MmuEX1018480	MmuEX6017813	MmuEX6012700
MmuEX1018561	MmuEX6017920	MmuEX6012757
MmuEX1018562	MmuEX6017921	MmuEX6012812
MmuEX1018604	MmuEX6017959	MmuEX6012975
MmuEX1018661	MmuEX6017972	MmuEX6013091
MmuEX1018665	MmuEX6018084	MmuEX6013224
MmuEX1018727	MmuEX6018107	MmuEX6013282
MmuEX1018729	MmuEX6018165	MmuEX6013295
MmuEX1018730	MmuEX6018173	MmuEX6013306
MmuEX1018750	MmuEX6018346	MmuEX6013402
MmuEX1019084	MmuEX6018721	MmuEX6013477
MmuEX1019122	MmuEX6018795	MmuEX6013845
MmuEX1019373	MmuEX6018849	MmuEX6014143
MmuEX1019490	MmuEX6018865	MmuEX6014415
MmuEX1019593	MmuEX6018908	MmuEX6014416
MmuEX1019810	MmuEX6019075	MmuEX6014419
MmuEX1019934	MmuEX6019363	MmuEX6014719
MmuEX1020588	MmuEX6019370	MmuEX6014733
MmuEX1020954	MmuEX6019503	MmuEX6015267
MmuEX1021046	MmuEX6019541	MmuEX6015607
MmuEX1021121	MmuEX6019591	MmuEX6015711
MmuEX1021333	MmuEX6019793	MmuEX6016027
MmuEX1021906	MmuEX6019795	MmuEX6016044
MmuEX1021971	MmuEX6019837	MmuEX6016579
MmuEX1022466	MmuEX6019864	MmuEX6016641
MmuEX1022477	MmuEX6020231	MmuEX6016650
MmuEX1022834	MmuEX6020290	MmuEX6016669
MmuEX1022840	MmuEX6020663	MmuEX6016694
MmuEX1023239	MmuEX6020679	MmuEX6016701
MmuEX1023501	MmuEX6020685	MmuEX6016759
MmuEX1023567	MmuEX6020815	MmuEX6016764
MmuEX1023568	MmuEX6020824	MmuEX6016857
MmuEX1023577	MmuEX6020894	MmuEX6016870
MmuEX1023723	MmuEX6021106	MmuEX6016872
MmuEX1023965	MmuEX6021198	MmuEX6017046
MmuEX1024025	MmuEX6021212	MmuEX6017072
MmuEX1024147	MmuEX6021230	MmuEX6017085
MmuEX1024355	MmuEX6021420	MmuEX6017116
MmuEX1024461	MmuEX6021422	MmuEX6017147
MmuEX1024563	MmuEX6021596	MmuEX6017537
MmuEX1025367	MmuEX6021598	MmuEX6017564
MmuEX1025715	MmuEX6021611	MmuEX6017624
MmuEX1026129	MmuEX6021635	MmuEX6017627
MmuEX1026145	MmuEX6021644	MmuEX6017660
MmuEX1026484	MmuEX6021929	MmuEX6017673
MmuEX1026593	MmuEX6021948	MmuEX6017676
MmuEX1026904	MmuEX6021949	MmuEX6017805
MmuEX1026908	MmuEX6021987	MmuEX6018140
MmuEX1026994	MmuEX6022030	MmuEX6018210
MmuEX1027247	MmuEX6022351	MmuEX6018212
MmuEX1027727	MmuEX6022383	MmuEX6018348
MmuEX1028171	MmuEX6022557	MmuEX6018349
MmuEX1028386	MmuEX6022572	MmuEX6018426
MmuEX1028534	MmuEX6022840	MmuEX6018427
MmuEX1028790	MmuEX6022869	MmuEX6018834
MmuEX1028851	MmuEX6023380	MmuEX6018884
MmuEX1028855	MmuEX6023424	MmuEX6018944
MmuEX1028856	MmuEX6023645	MmuEX6019211
MmuEX1029026	MmuEX6023908	MmuEX6019494
MmuEX1029119	MmuEX6023954	MmuEX6019555
MmuEX1029134	MmuEX6023957	MmuEX6019602
MmuEX6000063	MmuEX6024177	MmuEX6019607
MmuEX6000064	MmuEX6024232	MmuEX6019868
MmuEX6000090	MmuEX6024233	MmuEX6019935
MmuEX6000099	MmuEX6024316	MmuEX6019936
MmuEX6000140	MmuEX6024340	MmuEX6020128
MmuEX6000177	MmuEX6024517	MmuEX6020154
MmuEX6000178	MmuEX6024996	MmuEX6020296
MmuEX6000500	MmuEX6025185	MmuEX6020469
MmuEX6000521	MmuEX6025195	MmuEX6020559
MmuEX6000815	MmuEX6025267	MmuEX6020686
MmuEX6000837	MmuEX6025277	MmuEX6020688
MmuEX6000902	MmuEX6025284	MmuEX6020834
MmuEX6000947	MmuEX6025647	MmuEX6020863
MmuEX6000964	MmuEX6025674	MmuEX6021015
MmuEX6001226	MmuEX6025890	MmuEX6021222
MmuEX6001538	MmuEX6025954	MmuEX6021301
MmuEX6001543	MmuEX6025979	MmuEX6021364
MmuEX6001570	MmuEX6026181	MmuEX6021519
MmuEX6001619	MmuEX6026587	MmuEX6021554
MmuEX6001908	MmuEX6026699	MmuEX6021630
MmuEX6002059	MmuEX6026841	MmuEX6021765
MmuEX6002112	MmuEX6026865	MmuEX6021966
MmuEX6002199	MmuEX6026892	MmuEX6022349
MmuEX6002291	MmuEX6027061	MmuEX6022448
MmuEX6002334	MmuEX6027228	MmuEX6022524
MmuEX6002338	MmuEX6027618	MmuEX6022573
MmuEX6002345	MmuEX6027650	MmuEX6022632
MmuEX6002353	MmuEX6028041	MmuEX6022667
MmuEX6002382	MmuEX6028398	MmuEX6022715
MmuEX6002441	MmuEX6028466	MmuEX6022778
MmuEX6002442	MmuEX6028562	MmuEX6022969
MmuEX6002506	MmuEX6028698	MmuEX6023121
MmuEX6002692	MmuEX6028889	MmuEX6023406
MmuEX6003229	MmuEX6029007	MmuEX6023578
MmuEX6003231	MmuEX6029051	MmuEX6023656
MmuEX6003410	MmuEX6029090	MmuEX6023814
MmuEX6003548	MmuEX6029156	MmuEX6024148
MmuEX6003585	MmuEX6029180	MmuEX6024154
MmuEX6003846	MmuEX6029439	MmuEX6024319
MmuEX6004131	MmuEX6029538	MmuEX6024335
MmuEX6004377	MmuEX6029539	MmuEX6024524
MmuEX6004379	MmuEX6029541	MmuEX6024641
MmuEX6004390	MmuEX6029648	MmuEX6024713
MmuEX6004405	MmuEX6029652	MmuEX6024726
MmuEX6004426	MmuEX6029701	MmuEX6025184
MmuEX6004463	MmuEX6029845	MmuEX6025187
MmuEX6004536	MmuEX6029940	MmuEX6025189
MmuEX6004744	MmuEX6030025	MmuEX6025205
MmuEX6004773	MmuEX6030055	MmuEX6025438
MmuEX6005079	MmuEX6030100	MmuEX6025443
MmuEX6005136	MmuEX6030501	MmuEX6025632
MmuEX6005463	MmuEX6030714	MmuEX6025644
MmuEX6005475	MmuEX6030715	MmuEX6025728
MmuEX6005819	MmuEX6030747	MmuEX6025859
MmuEX6006038	MmuEX6030760	MmuEX6025906
MmuEX6006064	MmuEX6030763	MmuEX6025940
MmuEX6006206	MmuEX6030863	MmuEX6026222
MmuEX6006308	MmuEX6030902	MmuEX6026223
MmuEX6006319	MmuEX6030941	MmuEX6026243
MmuEX6006320	MmuEX6030955	MmuEX6026262
MmuEX6006424	MmuEX6031099	MmuEX6026501
MmuEX6006425	MmuEX6031163	MmuEX6026599
MmuEX6006426	MmuEX6031168	MmuEX6026634
MmuEX6006656	MmuEX6031697	MmuEX6026635
MmuEX6006657	MmuEX6031771	MmuEX6026650
MmuEX6006688	MmuEX6031872	MmuEX6026712
MmuEX6006704	MmuEX6032139	MmuEX6026763
MmuEX6006865	MmuEX6032309	MmuEX6026975
MmuEX6006927	MmuEX6032495	MmuEX6027143
MmuEX6007103	MmuEX6032529	MmuEX6027147
MmuEX6007169	MmuEX6032540	MmuEX6027285
MmuEX6007199	MmuEX6032647	MmuEX6027312
MmuEX6007452	MmuEX6032697	MmuEX6027409
MmuEX6007480	MmuEX6032713	MmuEX6027699
MmuEX6007562	MmuEX6032756	MmuEX6027795
MmuEX6007696	MmuEX6032886	MmuEX6027816
MmuEX6007876	MmuEX6032905	MmuEX6027880
MmuEX6007888	MmuEX6033088	MmuEX6028155
MmuEX6007954	MmuEX6033091	MmuEX6028216
MmuEX6008012	MmuEX6033190	MmuEX6028239
MmuEX6008013	MmuEX6033212	MmuEX6028526
MmuEX6008046	MmuEX6033387	MmuEX6028640
MmuEX6008429	MmuEX6033389	MmuEX6028669
MmuEX6008449	MmuEX6033420	MmuEX6028689
MmuEX6008452	MmuEX6033683	MmuEX6028690
MmuEX6008931	MmuEX6033790	MmuEX6028959
MmuEX6008966	MmuEX6033817	MmuEX6028962
MmuEX6008975	MmuEX6033834	MmuEX6029039
MmuEX6009050	MmuEX6033917	MmuEX6029206
MmuEX6009405	MmuEX6034017	MmuEX6029424
MmuEX6009530	MmuEX6034086	MmuEX6029436
MmuEX6010013	MmuEX6034140	MmuEX6029485
MmuEX6010023	MmuEX6034381	MmuEX6029487
MmuEX6010060	MmuEX6034441	MmuEX6029532
MmuEX6010066	MmuEX6034481	MmuEX6029768
MmuEX6010067	MmuEX6034511	MmuEX6029843
MmuEX6010069	MmuEX6034529	MmuEX6029865
MmuEX6010155	MmuEX6034582	MmuEX6029920
MmuEX6010530	MmuEX6034721	MmuEX6029976
MmuEX6010652	MmuEX6034855	MmuEX6029977
MmuEX6010823	MmuEX6034861	MmuEX6030023
MmuEX6011350	MmuEX6034920	MmuEX6030057
MmuEX6011381	MmuEX6035355	MmuEX6030082
MmuEX6011496	MmuEX6035391	MmuEX6030339
MmuEX6011790	MmuEX6035419	MmuEX6030421
MmuEX6011806	MmuEX6035466	MmuEX6030700
MmuEX6011892	MmuEX6035572	MmuEX6030829
MmuEX6011978	MmuEX6035581	MmuEX6030834
MmuEX6012270	MmuEX6035602	MmuEX6030854
MmuEX6012332	MmuEX6035798	MmuEX6030859
MmuEX6012458	MmuEX6035817	MmuEX6030860
MmuEX6012464	MmuEX6035824	MmuEX6030886
MmuEX6012640	MmuEX6035871	MmuEX6031148
MmuEX6012642	MmuEX6036112	MmuEX6031187
MmuEX6012644	MmuEX6036117	MmuEX6031210
MmuEX6012705	MmuEX6036120	MmuEX6031292
MmuEX6012797	MmuEX6036296	MmuEX6031483
MmuEX6012897	MmuEX6036435	MmuEX6031670
MmuEX6013211	MmuEX6036453	MmuEX6031843
MmuEX6013298	MmuEX6036589	MmuEX6031956
MmuEX6013501	MmuEX6036772	MmuEX6032131
MmuEX6013519	MmuEX6036920	MmuEX6032134
MmuEX6013534	MmuEX6036924	MmuEX6032135
MmuEX6013678	MmuEX6036975	MmuEX6032142
MmuEX6013941	MmuEX6037446	MmuEX6032192
MmuEX6013994	MmuEX6037607	MmuEX6032224
MmuEX6014058	MmuEX6037636	MmuEX6032442
MmuEX6014142	MmuEX6037644	MmuEX6032455
MmuEX6014282	MmuEX6037661	MmuEX6032485
MmuEX6014412	MmuEX6038014	MmuEX6032491
MmuEX6014579	MmuEX6038167	MmuEX6032548
MmuEX6014612	MmuEX6038234	MmuEX6032724
MmuEX6014687	MmuEX6038240	MmuEX6032980
MmuEX6014721	MmuEX6038488	MmuEX6033252
MmuEX6014771	MmuEX6038495	MmuEX6033406
MmuEX6015007	MmuEX6038510	MmuEX6033828
MmuEX6015063	MmuEX6038540	MmuEX6033864
MmuEX6015620	MmuEX6038634	MmuEX6033871
MmuEX6015687	MmuEX6038635	MmuEX6033913
MmuEX6015883	MmuEX6038718	MmuEX6033966
MmuEX6015884	MmuEX6038723	MmuEX6034073
MmuEX6015885	MmuEX6038914	MmuEX6034090
MmuEX6015925	MmuEX6038938	MmuEX6034100
MmuEX6016053	MmuEX6038939	MmuEX6034255
MmuEX6016226	MmuEX6038940	MmuEX6034494
MmuEX6016227	MmuEX6038941	MmuEX6034497
MmuEX6016228	MmuEX6038942	MmuEX6034499
MmuEX6016229	MmuEX6039256	MmuEX6034513
MmuEX6016328	MmuEX6039497	MmuEX6034823
MmuEX6016345	MmuEX6039511	MmuEX6034862
MmuEX6016393	MmuEX6039515	MmuEX6034996
MmuEX6016413	MmuEX6039585	MmuEX6034997
MmuEX6016483	MmuEX6039704	MmuEX6035002
MmuEX6016484	MmuEX6039779	MmuEX6035003
MmuEX6016673	MmuEX6039809	MmuEX6035040
MmuEX6016682	MmuEX6039921	MmuEX6035095
MmuEX6016740	MmuEX6039991	MmuEX6035166
MmuEX6016781	MmuEX6040153	MmuEX6035299
MmuEX6017030	MmuEX6040171	MmuEX6035305
MmuEX6017031	MmuEX6040222	MmuEX6035352
MmuEX6017091	MmuEX6040232	MmuEX6035588
MmuEX6017097	MmuEX6040329	MmuEX6035693
MmuEX6017185	MmuEX6040389	MmuEX6035711
MmuEX6017221	MmuEX6040497	MmuEX6036097
MmuEX6017336	MmuEX6040586	MmuEX6036160
MmuEX6017638	MmuEX6040642	MmuEX6036181
MmuEX6017639	MmuEX6040643	MmuEX6036264
MmuEX6017667	MmuEX6040830	MmuEX6036443
MmuEX6017721	MmuEX6040876	MmuEX6036468
MmuEX6017758	MmuEX6040877	MmuEX6036475
MmuEX6017899	MmuEX6040984	MmuEX6036501
MmuEX6018170	MmuEX6041041	MmuEX6036518
MmuEX6018767	MmuEX6041106	MmuEX6036527
MmuEX6018768	MmuEX6041718	MmuEX6036601
MmuEX6018806	MmuEX6041729	MmuEX6036779
MmuEX6018892	MmuEX6042094	MmuEX6036839
MmuEX6018996	MmuEX6042640	MmuEX6036912
MmuEX6019032	MmuEX6042668	MmuEX6037069
MmuEX6019045	MmuEX6042701	MmuEX6037251
MmuEX6019053	MmuEX6042710	MmuEX6037254
MmuEX6019067	MmuEX6042712	MmuEX6037443
MmuEX6019224	MmuEX6042798	MmuEX6037460
MmuEX6019345	MmuEX6042872	MmuEX6037504
MmuEX6019371	MmuEX6042874	MmuEX6037505
MmuEX6019535	MmuEX6042938	MmuEX6037524
MmuEX6019565	MmuEX6043191	MmuEX6037585
MmuEX6019586	MmuEX6043195	MmuEX6037742
MmuEX6019832	MmuEX6043199	MmuEX6038220
MmuEX6019867	MmuEX6043226	MmuEX6038239
MmuEX6019871	MmuEX6043264	MmuEX6038313
MmuEX6020063	MmuEX6043513	MmuEX6038347
MmuEX6020064	MmuEX6043546	MmuEX6038462
MmuEX6020189	MmuEX6043644	MmuEX6038633
MmuEX6020216	MmuEX6044548	MmuEX6038643
MmuEX6020289	MmuEX6044552	MmuEX6038815
MmuEX6020560	MmuEX6044553	MmuEX6038841
MmuEX6020574	MmuEX6044609	MmuEX6038966
MmuEX6020590	MmuEX6044650	MmuEX6038972
MmuEX6020606	MmuEX6044707	MmuEX6038982
MmuEX6020675	MmuEX6044882	MmuEX6039212
MmuEX6020683	MmuEX6044951	MmuEX6039248
MmuEX6020772	MmuEX6044964	MmuEX6039364
MmuEX6020818	MmuEX6045251	MmuEX6039439
MmuEX6020919	MmuEX6045268	MmuEX6039734
MmuEX6020955	MmuEX6045314	MmuEX6039803
MmuEX6021003	MmuEX6045324	MmuEX6039810
MmuEX6021009	MmuEX6045564	MmuEX6039825
MmuEX6021012	MmuEX6045631	MmuEX6039844
MmuEX6021021	MmuEX6045871	MmuEX6039930
MmuEX6021149	MmuEX6045903	MmuEX6040090
MmuEX6021188	MmuEX6045905	MmuEX6040213
MmuEX6021532	MmuEX6046286	MmuEX6040285
MmuEX6021558	MmuEX6046413	MmuEX6040641
MmuEX6021679	MmuEX6046524	MmuEX6040900
MmuEX6021951	MmuEX6046660	MmuEX6040912
MmuEX6022371	MmuEX6046771	MmuEX6041377
MmuEX6022387	MmuEX6047437	MmuEX6041733
MmuEX6022388	MmuEX6047512	MmuEX6041866
MmuEX6022392	MmuEX6047513	MmuEX6041868
MmuEX6022393	MmuEX6047550	MmuEX6041902
MmuEX6022427	MmuEX6047976	MmuEX6042039
MmuEX6022490	MmuEX6047988	MmuEX6042308
MmuEX6022534	MmuEX6048025	MmuEX6042659
MmuEX6022547	MmuEX6048144	MmuEX6042739
MmuEX6022574	MmuEX6048185	MmuEX6042740
MmuEX6022671	MmuEX6048213	MmuEX6042867
MmuEX6022704	MmuEX6048216	MmuEX6042868
MmuEX6022943	MmuEX6048352	MmuEX6043033
MmuEX6023068	MmuEX6048438	MmuEX6043049
MmuEX6023069	MmuEX6048498	MmuEX6043062
MmuEX6023120	MmuEX6048515	MmuEX6043091
MmuEX6023138	MmuEX6048528	MmuEX6043124
MmuEX6023432	MmuEX6048665	MmuEX6043271
MmuEX6023438	MmuEX6048765	MmuEX6043281
MmuEX6023520	MmuEX6048973	MmuEX6043283
MmuEX6023637	MmuEX6048996	MmuEX6043284
MmuEX6023910	MmuEX6048998	MmuEX6043287
MmuEX6023927	MmuEX6049029	MmuEX6043819
MmuEX6023946	MmuEX6049097	MmuEX6043825
MmuEX6023959	MmuEX6049101	MmuEX6043860
MmuEX6024267	MmuEX6049314	MmuEX6043979
MmuEX6024381	MmuEX6049315	MmuEX6044354
MmuEX6024655	MmuEX6049466	MmuEX6044360
MmuEX6024669	MmuEX6049488	MmuEX6044502
MmuEX6024779	MmuEX6049565	MmuEX6044547
MmuEX6024852	MmuEX6049655	MmuEX6044800
MmuEX6025183	MmuEX6049791	MmuEX6044811
MmuEX6025288	MmuEX6050128	MmuEX6044902
MmuEX6025334	MmuEX6050301	MmuEX6044950
MmuEX6025472	MmuEX6050381	MmuEX6045000
MmuEX6025646	MmuEX6050396	MmuEX6045422
MmuEX6025654	MmuEX6050399	MmuEX6045549
MmuEX6025862	MmuEX6050403	MmuEX6045913
MmuEX6025875	MmuEX6050588	MmuEX6046652
MmuEX6025876	MmuEX6050643	MmuEX6046779
MmuEX6025929	MmuEX6050684	MmuEX6046805
MmuEX6026092	MmuEX6050716	MmuEX6046843
MmuEX6026102	MmuEX6050880	MmuEX6046850
MmuEX6026234	MmuEX6050882	MmuEX6046928
MmuEX6026236	MmuEX6051257	MmuEX6046957
MmuEX6026241	MmuEX6051534	MmuEX6046976
MmuEX6026298	MmuEX6051539	MmuEX6046977
MmuEX6026300	MmuEX6051550	MmuEX6047129
MmuEX6026357	MmuEX6051551	MmuEX6047423
MmuEX6026525	MmuEX6051556	MmuEX6047542
MmuEX6026536	MmuEX6051557	MmuEX6047777
MmuEX6026586	MmuEX6051558	MmuEX6047987
MmuEX6026633	MmuEX6051608	MmuEX6048193
MmuEX6026948	MmuEX6051664	MmuEX6048210
MmuEX6027068	MmuEX6051696	MmuEX6048500
MmuEX6027072	MmuEX6051702	MmuEX6048516
MmuEX6027090	MmuEX6051818	MmuEX6048745
MmuEX6027127	MmuEX6051849	MmuEX6048780
MmuEX6027132	MmuEX6051932	MmuEX6048823
MmuEX6027134	MmuEX6052082	MmuEX6048886
MmuEX6027225	MmuEX6052156	MmuEX6048972
MmuEX6027394	MmuEX6052216	MmuEX6049087
MmuEX6027415	MmuEX6052217	MmuEX6049358
MmuEX6027534	MmuEX6052218	MmuEX6049380
MmuEX6027897	MmuEX6052219	MmuEX6049386
MmuEX6028152	MmuEX6052376	MmuEX6049503
MmuEX6028153	MmuEX6052569	MmuEX6049822
MmuEX6028157	MmuEX6053020	MmuEX6049898
MmuEX6028206	MmuEX6053082	MmuEX6049899
MmuEX6028491	MmuEX6053124	MmuEX6049900
MmuEX6028619	MmuEX6053261	MmuEX6049940
MmuEX6028792	MmuEX6053289	MmuEX6050028
MmuEX6028793	MmuEX6053295	MmuEX6050223
MmuEX6028808	MmuEX6053363	MmuEX6050224
MmuEX6028861	MmuEX6053417	MmuEX6050330
MmuEX6029030	MmuEX6053820	MmuEX6050406
MmuEX6029092	MmuEX6053872	MmuEX6050570
MmuEX6029160	MmuEX6054303	MmuEX6050601
MmuEX6029227	MmuEX6054529	MmuEX6050645
MmuEX6029253	MmuEX6054644	MmuEX6050868
MmuEX6029257	MmuEX6054903	MmuEX6050921
MmuEX6029267	MmuEX6054904	MmuEX6050968
MmuEX6029304	MmuEX6054933	MmuEX6051282
MmuEX6029341	MmuEX6055063	MmuEX6051472
MmuEX6029432	MmuEX6055067	MmuEX6051566
MmuEX6029654	MmuEX6055069	MmuEX6051647
MmuEX6029671	MmuEX6055070	MmuEX6051709
MmuEX6029710	MmuEX6055195	MmuEX6051886
MmuEX6029772	MmuEX6055258	MmuEX6051916
MmuEX6029782	MmuEX6055270	MmuEX6052014
MmuEX6029784	MmuEX6055352	MmuEX6052032
MmuEX6029842	MmuEX6055378	MmuEX6052322
MmuEX6029861	MmuEX6055379	MmuEX6052323
MmuEX6029864	MmuEX6055466	MmuEX6052457
MmuEX6030079	MmuEX6055467	MmuEX6052514
MmuEX6030276	MmuEX6056046	MmuEX6052744
MmuEX6030284	MmuEX6056395	MmuEX6052829
MmuEX6030394	MmuEX6056513	MmuEX6052865
MmuEX6030640	MmuEX6056554	MmuEX6053157
MmuEX6030661	MmuEX6056796	MmuEX6053187
MmuEX6030687	MmuEX6056886	MmuEX6053346
MmuEX6030689	MmuEX6056892	MmuEX6053413
MmuEX6030734	MmuEX6056980	MmuEX6053545
MmuEX6030849	MmuEX6057080	MmuEX6053632
MmuEX6030904	MmuEX6057113	MmuEX6054134
MmuEX6030940	MmuEX6057280	MmuEX6054140
MmuEX6031246	MmuEX6057295	MmuEX6054886
MmuEX6031282	MmuEX6057659	MmuEX6054960
MmuEX6031405	MmuEX6057705	MmuEX6054961
MmuEX6031518	MmuEX6057909	MmuEX6055036
MmuEX6031595	MmuEX6057928	MmuEX6055064
MmuEX6031752	MmuEX6057937	MmuEX6055078
MmuEX6031814	MmuEX6057939	MmuEX6055246
MmuEX6031837	MmuEX6058036	MmuEX6055335
MmuEX6032036	MmuEX6058124	MmuEX6055455
MmuEX6032180	MmuEX6058141	MmuEX6055942
MmuEX6032515	MmuEX6058225	MmuEX6056281
MmuEX6032672	MmuEX6058284	MmuEX6056439
MmuEX6032677	MmuEX6058289	MmuEX6056499
MmuEX6032725	MmuEX6058353	MmuEX6056534
MmuEX6032739	MmuEX6058355	MmuEX6056563
MmuEX6032908	MmuEX6058680	MmuEX6056571
MmuEX6032909	MmuEX6058690	MmuEX6056631
MmuEX6033188	MmuEX6058717	MmuEX6057030
MmuEX6033346	MmuEX6058718	MmuEX6057089
MmuEX6033353	MmuEX6058748	MmuEX6057090
MmuEX6033776	MmuEX6058805	MmuEX6057324
MmuEX6033814	MmuEX6058933	MmuEX6057782
MmuEX6033855	MmuEX6058942	MmuEX6057969
MmuEX6033985	MmuEX6059001	MmuEX6058000
MmuEX6033989	MmuEX6059029	MmuEX6058001
MmuEX6034007	MmuEX6059044	MmuEX6058117
MmuEX6034078	MmuEX6059111	MmuEX6058129
MmuEX6034098	MmuEX6059263	MmuEX6058172
MmuEX6034103	MmuEX6059398	MmuEX6058282
MmuEX6034241	MmuEX6059608	MmuEX6058330
MmuEX6034242	MmuEX6059609	MmuEX6058394
MmuEX6034252	MmuEX6059612	MmuEX6058462
MmuEX6034327	MmuEX6059713	MmuEX6058463
MmuEX6034450	MmuEX6059756	MmuEX6058535
MmuEX6034492	MmuEX6059825	MmuEX6058552
MmuEX6034545	MmuEX6059956	MmuEX6058807
MmuEX6034822	MmuEX6059991	MmuEX6058844
MmuEX6034927	MmuEX6060006	MmuEX6058923
MmuEX6034934	MmuEX6060236	MmuEX6058932
MmuEX6035080	MmuEX6060317	MmuEX6058941
MmuEX6035082	MmuEX6060322	MmuEX6058970
MmuEX6035394	MmuEX6060447	MmuEX6059072
MmuEX6035407	MmuEX6060525	MmuEX6059163
MmuEX6035429	MmuEX6060566	MmuEX6059168
MmuEX6035544	MmuEX6060569	MmuEX6059514
MmuEX6035589	MmuEX6060745	MmuEX6059822
MmuEX6035626	MmuEX6060759	MmuEX6060024
MmuEX6035652	MmuEX6060761	MmuEX6060068
MmuEX6035653	MmuEX6060764	MmuEX6060094
MmuEX6035664	MmuEX6060780	MmuEX6060238
MmuEX6035667	MmuEX6060849	MmuEX6060280
MmuEX6035692	MmuEX6061092	MmuEX6060296
MmuEX6035747	MmuEX6061093	MmuEX6060333
MmuEX6035782	MmuEX6061175	MmuEX6060334
MmuEX6035797	MmuEX6061186	MmuEX6060510
MmuEX6035799	MmuEX6061276	MmuEX6060628
MmuEX6035972	MmuEX6061457	MmuEX6060653
MmuEX6036020	MmuEX6061462	MmuEX6060658
MmuEX6036030	MmuEX6061509	MmuEX6060687
MmuEX6036071	MmuEX6061510	MmuEX6060794
MmuEX6036108	MmuEX6061511	MmuEX6060903
MmuEX6036266	MmuEX6061512	MmuEX6060910
MmuEX6036422	MmuEX6061637	MmuEX6060929
MmuEX6036447	MmuEX6061847	MmuEX6060969
MmuEX6036459	MmuEX6061859	MmuEX6060989
MmuEX6036836	MmuEX6061886	MmuEX6061088
MmuEX6036847	MmuEX6062060	MmuEX6061089
MmuEX6036908	MmuEX6062104	MmuEX6061094
MmuEX6036952	MmuEX6062118	MmuEX6061112
MmuEX6036954	MmuEX6062176	MmuEX6061117
MmuEX6037049	MmuEX6062183	MmuEX6061118
MmuEX6037146	MmuEX6062217	MmuEX6061153
MmuEX6037182	MmuEX6062218	MmuEX6061251
MmuEX6037184	MmuEX6062452	MmuEX6061341
MmuEX6037216	MmuEX6062675	MmuEX6061403
MmuEX6037258	MmuEX6062917	MmuEX6061458
MmuEX6037262	MmuEX6062999	MmuEX6061485
MmuEX6037424	MmuEX6063199	MmuEX6061635
MmuEX6037438	MmuEX6063288	MmuEX6061706
MmuEX6037669	MmuEX6063551	MmuEX6061719
MmuEX6037675	MmuEX6063722	MmuEX6061939
MmuEX6038018	MmuEX6063848	MmuEX6062052
MmuEX6038241	MmuEX6064002	MmuEX6062180
MmuEX6038270	MmuEX6064023	MmuEX6062185
MmuEX6038298	MmuEX6064029	MmuEX6062338
MmuEX6038522	MmuEX6064261	MmuEX6062670
MmuEX6038523	MmuEX6064262	MmuEX6062671
MmuEX6038535	MmuEX6064414	MmuEX6062875
MmuEX6038839	MmuEX6064536	MmuEX6063047
MmuEX6038898	MmuEX6064574	MmuEX6063048
MmuEX6038975	MmuEX6064584	MmuEX6063052
MmuEX6038985	MmuEX6064594	MmuEX6063077
MmuEX6038986	MmuEX6064596	MmuEX6063272
MmuEX6039111	MmuEX6064633	MmuEX6063273
MmuEX6039272	MmuEX6064647	MmuEX6063374
MmuEX6039499	MmuEX6064727	MmuEX6063438
MmuEX6039535	MmuEX6064839	MmuEX6063441
MmuEX6039688	MmuEX6064971	MmuEX6063480
MmuEX6039727	MmuEX6064974	MmuEX6063567
MmuEX6039920	MmuEX6065574	MmuEX6063681
MmuEX6040003	MmuEX6065672	MmuEX6063682
MmuEX6040220	MmuEX6065706	MmuEX6063942
MmuEX6040323	MmuEX6065770	MmuEX6064024
MmuEX6040829	MmuEX6065778	MmuEX6064067
MmuEX6040923	MmuEX6065780	MmuEX6064070
MmuEX6041127	MmuEX6065829	MmuEX6064160
MmuEX6041334	MmuEX6066056	MmuEX6064250
MmuEX6041363	MmuEX6066086	MmuEX6064253
MmuEX6041518	MmuEX6066121	MmuEX6064266
MmuEX6041954	MmuEX6066208	MmuEX6064313
MmuEX6041964	MmuEX6066479	MmuEX6064351
MmuEX6042041	MmuEX6066482	MmuEX6064578
MmuEX6042099	MmuEX6066592	MmuEX6064582
MmuEX6042114	MmuEX6066594	MmuEX6064590
MmuEX6042139	MmuEX6067065	MmuEX6064617
MmuEX6042585	MmuEX6067091	MmuEX6064723
MmuEX6042750	MmuEX6067102	MmuEX6064824
MmuEX6042824	MmuEX6067297	MmuEX6064904
MmuEX6042825	MmuEX6067608	MmuEX6065157
MmuEX6042826	MmuEX6067619	MmuEX6065589
MmuEX6042849	MmuEX6067620	MmuEX6065590
MmuEX6042916	MmuEX6067625	MmuEX6065821
MmuEX6042922	MmuEX6067636	MmuEX6065850
MmuEX6043052	MmuEX6067663	MmuEX6065865
MmuEX6043068	MmuEX6067896	MmuEX6065947
MmuEX6043200	MmuEX6067899	MmuEX6066052
MmuEX6043273	MmuEX6067951	MmuEX6066085
MmuEX6043464	MmuEX6068044	MmuEX6066096
MmuEX6043841	MmuEX6068045	MmuEX6066122
MmuEX6043851	MmuEX6068340	MmuEX6066123
MmuEX6043914	MmuEX6068348	MmuEX6066164
MmuEX6044044	MmuEX6068407	MmuEX6066381
MmuEX6044180	MmuEX6068469	MmuEX6066448
MmuEX6044253	MmuEX6068585	MmuEX6066556
MmuEX6044270	MmuEX6068876	MmuEX6066608
MmuEX6044271	MmuEX6068910	MmuEX6066610
MmuEX6044362	MmuEX6069242	MmuEX6066648
MmuEX6044711	MmuEX6069334	MmuEX6066656
MmuEX6044938	MmuEX6069890	MmuEX6066680
MmuEX6044940	MmuEX6069891	MmuEX6066810
MmuEX6044956	MmuEX6069903	MmuEX6066879
MmuEX6044957	MmuEX6069944	MmuEX6067139
MmuEX6045009	MmuEX6069946	MmuEX6067209
MmuEX6045321	MmuEX6069947	MmuEX6067210
MmuEX6045902	MmuEX6069999	MmuEX6067322
MmuEX6045975	MmuEX6070315	MmuEX6067324
MmuEX6046528	MmuEX6070317	MmuEX6067385
MmuEX6046562	MmuEX6070372	MmuEX6067528
MmuEX6046683	MmuEX6070510	MmuEX6067610
MmuEX6046965	MmuEX6070530	MmuEX6067626
MmuEX6047170	MmuEX6070583	MmuEX6067742
MmuEX6047190	MmuEX6070652	MmuEX6068142
MmuEX6047193	MmuEX6070891	MmuEX6068194
MmuEX6047467	MmuEX6070934	MmuEX6068239
MmuEX6047548	MmuEX6071250	MmuEX6068276
MmuEX6047552	MmuEX6071300	MmuEX6068346
MmuEX6047594	MmuEX6071622	MmuEX6068414
MmuEX6047750	MmuEX6071676	MmuEX6068573
MmuEX6047913	MmuEX6071771	MmuEX6068862
MmuEX6047934	MmuEX6071940	MmuEX6068872
MmuEX6048138	MmuEX6071944	MmuEX6068937
MmuEX6048151	MmuEX6071989	MmuEX6069182
MmuEX6048379	MmuEX6072035	MmuEX6069275
MmuEX6048414	MmuEX6072399	MmuEX6069585
MmuEX6048493	MmuEX6072406	MmuEX6069586
MmuEX6048514	MmuEX6072410	MmuEX6069659
MmuEX6048694	MmuEX6073012	MmuEX6069894
MmuEX6048737	MmuEX6073013	MmuEX6069910
MmuEX6048744	MmuEX6073096	MmuEX6070010
MmuEX6048747	MmuEX6073255	MmuEX6070328
MmuEX6048748	MmuEX6073270	MmuEX6070329
MmuEX6048793	MmuEX6073305	MmuEX6070356
MmuEX6048881	MmuEX6073323	MmuEX6070383
MmuEX6048906	MmuEX6073378	MmuEX6070718
MmuEX6048943	MmuEX6073441	MmuEX6070887
MmuEX6048981	MmuEX6073459	MmuEX6071163
MmuEX6049182	MmuEX6073655	MmuEX6071276
MmuEX6049200	MmuEX6073780	MmuEX6071302
MmuEX6049202	MmuEX6073782	MmuEX6071330
MmuEX6049240	MmuEX6073832	MmuEX6071359
MmuEX6049357	MmuEX6073839	MmuEX6071609
MmuEX6049463	MmuEX6073845	MmuEX6071791
MmuEX6049489	MmuEX6074042	MmuEX6071979
MmuEX6049495	MmuEX6074114	MmuEX6071986
MmuEX6049853	MmuEX6074210	MmuEX6072055
MmuEX6049854	MmuEX6074295	MmuEX6072252
MmuEX6049889	MmuEX6074299	MmuEX6072253
MmuEX6050047	MmuEX6074498	MmuEX6072334
MmuEX6050289	MmuEX6074502	MmuEX6072411
MmuEX6050345	MmuEX6074595	MmuEX6072442
MmuEX6050358	MmuEX6074596	MmuEX6072478
MmuEX6050382	MmuEX6074597	MmuEX6072479
MmuEX6050662	MmuEX6074767	MmuEX6072480
MmuEX6050663	MmuEX6074779	MmuEX6072548
MmuEX6050856	MmuEX6074797	MmuEX6072660
MmuEX6050878	MmuEX6074836	MmuEX6072726
MmuEX6051211	MmuEX6074881	MmuEX6072727
MmuEX6051434	MmuEX6074964	MmuEX6073014
MmuEX6051481	MmuEX6074971	MmuEX6073088
MmuEX6051524	MmuEX6074979	MmuEX6073297
MmuEX6051587	MmuEX6075350	MmuEX6073342
MmuEX6051618	MmuEX6075447	MmuEX6073368
MmuEX6051624	MmuEX6075542	MmuEX6073458
MmuEX6051669	MmuEX6075543	MmuEX6073662
MmuEX6051787	MmuEX6075816	MmuEX6073666
MmuEX6052012	MmuEX6075889	MmuEX6074387
MmuEX6052036	MmuEX6076154	MmuEX6074654
MmuEX6052178	MmuEX6076512	MmuEX6074786
MmuEX6052320	MmuEX6076513	MmuEX6074915
MmuEX6052373	MmuEX6076539	MmuEX6074921
MmuEX6052565	MmuEX6076721	MmuEX6075062
MmuEX6052617	MmuEX6076771	MmuEX6075327
MmuEX6052752	MmuEX6077823	MmuEX6075330
MmuEX6052919	MmuEX6077824	MmuEX6075358
MmuEX6052929	MmuEX6077944	MmuEX6075476
MmuEX6052932	MmuEX6078131	MmuEX6075490
MmuEX6052935	MmuEX6078278	MmuEX6075598
MmuEX6052963	MmuEX6078456	MmuEX6075982
MmuEX6053172	MmuEX6078528	MmuEX6076320
MmuEX6053173	MmuEX6078576	MmuEX6076424
MmuEX6053356	MmuEX6078600	MmuEX6076461
MmuEX6053607	MmuEX6078836	MmuEX6076463
MmuEX6053723	MmuEX6078938	MmuEX6076540
MmuEX6053862	MmuEX6079300	MmuEX6076544
MmuEX6053889	MmuEX6079301	MmuEX6076926
MmuEX6054100	MmuEX6079777	MmuEX6077365
MmuEX6054133	MmuEX6080350	MmuEX6077445
MmuEX6054166	MmuEX6080351	MmuEX6077446
MmuEX6054305	MmuEX6080356	MmuEX6077560
MmuEX6054308	MmuEX6080391	MmuEX6077670
MmuEX6054448	MmuEX6080410	MmuEX6077899
MmuEX6054593	MmuEX6080481	MmuEX6077937
MmuEX6054627	MmuEX6080573	MmuEX6078074
MmuEX6054641	MmuEX6080574	MmuEX6078078
MmuEX6054975	MmuEX6080665	MmuEX6078088
MmuEX6055233	MmuEX6080688	MmuEX6078334
MmuEX6055253	MmuEX6080720	MmuEX6078566
MmuEX6055303	MmuEX6080812	MmuEX6078618
MmuEX6055328	MmuEX6080986	MmuEX6078693
MmuEX6055329	MmuEX6081252	MmuEX6078758
MmuEX6055330	MmuEX6081260	MmuEX6078892
MmuEX6055334	MmuEX6081317	MmuEX6078935
MmuEX6055539	MmuEX6081392	MmuEX6079059
MmuEX6055541	MmuEX6081393	MmuEX6079166
MmuEX6055628	MmuEX6081500	MmuEX6079167
MmuEX6055629	MmuEX6081563	MmuEX6079168
MmuEX6055702	MmuEX6081960	MmuEX6079226
MmuEX6055954	MmuEX6081970	MmuEX6079418
MmuEX6056032	MmuEX6082048	MmuEX6079442
MmuEX6056364	MmuEX6082347	MmuEX6079571
MmuEX6056522	MmuEX6082356	MmuEX6079647
MmuEX6056798	MmuEX6082379	MmuEX6079652
MmuEX6056844	MmuEX6082448	MmuEX6079776
MmuEX6056891	MmuEX6082466	MmuEX6079862
MmuEX6056925	MmuEX6082474	MmuEX6079882
MmuEX6056943	MmuEX6082475	MmuEX6079937
MmuEX6057033	MmuEX6082609	MmuEX6079950
MmuEX6057118	MmuEX6082619	MmuEX6080321
MmuEX6057300	MmuEX6082621	MmuEX6080626
MmuEX6057608	MmuEX6082766	MmuEX6080643
MmuEX6057936	MmuEX6082788	MmuEX6080824
MmuEX6057951	MmuEX6082918	MmuEX6080852
MmuEX6058080	MmuEX6083088	MmuEX6081034
MmuEX6058128	MmuEX6083094	MmuEX6081092
MmuEX6058351	MmuEX6083110	MmuEX6081126
MmuEX6058666	MmuEX6083185	MmuEX6081239
MmuEX6058687	MmuEX6083266	MmuEX6081297
MmuEX6058801	MmuEX6083330	MmuEX6081324
MmuEX6058814	MmuEX6083331	MmuEX6081427
MmuEX6058992	MmuEX6083334	MmuEX6081540
MmuEX6058999	MmuEX6083374	MmuEX6081579
MmuEX6059032	MmuEX6083506	MmuEX6081678
MmuEX6059191	MmuEX6083516	MmuEX6081859
MmuEX6059320	MmuEX6083522	MmuEX6081860
MmuEX6059513	MmuEX6083732	MmuEX6081885
MmuEX6059615	MmuEX6083733	MmuEX6081939
MmuEX6059838	MmuEX6083879	MmuEX6081943
MmuEX6059914	MmuEX6084129	MmuEX6081961
MmuEX6059924	MmuEX6084202	MmuEX6082024
MmuEX6059932	MmuEX6084232	MmuEX6082062
MmuEX6060003	MmuEX6084369	MmuEX6082135
MmuEX6060025	MmuEX6084464	MmuEX6082297
MmuEX6060076	MmuEX6084729	MmuEX6082359
MmuEX6060086	MmuEX6084822	MmuEX6082368
MmuEX6060087	MmuEX6084825	MmuEX6082391
MmuEX6060383	MmuEX6084979	MmuEX6082442
MmuEX6060726	MmuEX6084981	MmuEX6082624
MmuEX6060763	MmuEX6084993	MmuEX6082761
MmuEX6060852	MmuEX6085135	MmuEX6082841
MmuEX6061105	MmuEX6085515	MmuEX6083101
MmuEX6061129	MmuEX6085951	MmuEX6083125
MmuEX6061138	MmuEX6085982	MmuEX6083127
MmuEX6061159	MmuEX6086119	MmuEX6083146
MmuEX6061350	MmuEX6086145	MmuEX6083225
MmuEX6061464	MmuEX6086188	MmuEX6083337
MmuEX6061476	MmuEX6086194	MmuEX6083503
MmuEX6061495	MmuEX6086568	MmuEX6083509
MmuEX6061720	MmuEX6086952	MmuEX6083727
MmuEX6061721	MmuEX6087468	MmuEX6083728
MmuEX6061842	MmuEX6087519	MmuEX6083794
MmuEX6061935	MmuEX6087594	MmuEX6083876
MmuEX6062101	MmuEX6087609	MmuEX6084088
MmuEX6062232	MmuEX6087636	MmuEX6084137
MmuEX6062428	MmuEX6087741	MmuEX6084138
MmuEX6062464	MmuEX6087955	MmuEX6084163
MmuEX6062727	MmuEX6088069	MmuEX6084314
MmuEX6062981	MmuEX6088519	MmuEX6084325
MmuEX6063256	MmuEX6088542	MmuEX6084408
MmuEX6063267	MmuEX6088572	MmuEX6084578
MmuEX6063442	MmuEX6088619	MmuEX6084579
MmuEX6063578	MmuEX6088644	MmuEX6084612
MmuEX6063592	MmuEX6088647	MmuEX6084776
MmuEX6064000	MmuEX6088649	MmuEX6084907
MmuEX6064057	MmuEX6088801	MmuEX6084977
MmuEX6064111	MmuEX6088818	MmuEX6085140
MmuEX6064352	MmuEX6088856	MmuEX6085319
MmuEX6064384	MmuEX6089045	MmuEX6085358
MmuEX6064396	MmuEX6089133	MmuEX6085473
MmuEX6064557	MmuEX6089343	MmuEX6085802
MmuEX6064644	MmuEX6089774	MmuEX6085829
MmuEX6064646	MmuEX6089789	MmuEX6086405
MmuEX6064833	MmuEX6089870	MmuEX6086408
MmuEX6064961	MmuEX6089892	MmuEX6086569
MmuEX6064963	MmuEX6089893	MmuEX6087070
MmuEX6065380	MmuEX6089894	MmuEX6087368
MmuEX6065382	MmuEX6089921	MmuEX6087476
MmuEX6065423	MmuEX6089973	MmuEX6087478
MmuEX6065572	MmuEX6090182	MmuEX6087606
MmuEX6065665	MmuEX6090327	MmuEX6087631
MmuEX6065692	MmuEX6090479	MmuEX6087740
MmuEX6065945	MmuEX6090492	MmuEX6087810
MmuEX6066033	MmuEX6090586	MmuEX6088077
MmuEX6066092	MmuEX6090632	MmuEX6088079
MmuEX6066093	MmuEX6091267	MmuEX6088122
MmuEX6066094	MmuEX6091363	MmuEX6088318
MmuEX6066095	MmuEX6091369	MmuEX6088355
MmuEX6066119	MmuEX6091375	MmuEX6088409
MmuEX6066333	MmuEX6091464	MmuEX6088474
MmuEX6066485	MmuEX6091747	MmuEX6088585
MmuEX6066510	MmuEX6091883	MmuEX6088593
MmuEX6066621	MmuEX6091923	MmuEX6088595
MmuEX6066622	MmuEX6091942	MmuEX6088815
MmuEX6066677	MmuEX6091946	MmuEX6088829
MmuEX6066791	MmuEX6091999	MmuEX6089068
MmuEX6066794	MmuEX6092213	MmuEX6089224
MmuEX6066795	MmuEX6092389	MmuEX6089718
MmuEX6067108	MmuEX6092390	MmuEX6089931
MmuEX6067125	MmuEX6092422	MmuEX6089939
MmuEX6067136	MmuEX6092423	MmuEX6089949
MmuEX6067298	MmuEX6092464	MmuEX6090112
MmuEX6067306	MmuEX6092530	MmuEX6090183
MmuEX6067321	MmuEX6092589	MmuEX6090330
MmuEX6067379	MmuEX6092650	MmuEX6090475
MmuEX6067394	MmuEX6092710	MmuEX6090509
MmuEX6067417	MmuEX6092761	MmuEX6090599
MmuEX6067521	MmuEX6092833	MmuEX6090628
MmuEX6067621	MmuEX6092893	MmuEX6090637
MmuEX6067768	MmuEX6092894	MmuEX6090638
MmuEX6067773	MmuEX6093049	MmuEX6090670
MmuEX6068010	MmuEX6093134	MmuEX6090773
MmuEX6068043	MmuEX6093255	MmuEX6091272
MmuEX6068079	MmuEX6093398	MmuEX6091281
MmuEX6068466	MmuEX6093604	MmuEX6091520
MmuEX6068562	MmuEX6094349	MmuEX6091919
MmuEX6068791	MmuEX6094501	MmuEX6091922
MmuEX6068943	MmuEX6094502	MmuEX6091933
MmuEX6069324	MmuEX6094862	MmuEX6092015
MmuEX6069454	MmuEX6094875	MmuEX6092097
MmuEX6069561	MmuEX6094976	MmuEX6092102
MmuEX6069619	MmuEX6095064	MmuEX6092252
MmuEX6069881	MmuEX6095088	MmuEX6092298
MmuEX6069886	MmuEX6095314	MmuEX6092299
MmuEX6070008	MmuEX6095371	MmuEX6092315
MmuEX6070016	MmuEX6095423	MmuEX6092316
MmuEX6070022	MmuEX6095445	MmuEX6092317
MmuEX6070068	MmuEX6095475	MmuEX6092318
MmuEX6070098	MmuEX6095477	MmuEX6092319
MmuEX6070116	MmuEX6095587	MmuEX6092322
MmuEX6070227	MmuEX6095726	MmuEX6092350
MmuEX6070354	MmuEX6095742	MmuEX6092428
MmuEX6070357	MmuEX6095744	MmuEX6092572
MmuEX6070360	MmuEX6095779	MmuEX6092685
MmuEX6070361	MmuEX6095943	MmuEX6092701
MmuEX6070390	MmuEX6095945	MmuEX6092714
MmuEX6070391	MmuEX6096452	MmuEX6092719
MmuEX6070520	MmuEX6096513	MmuEX6092766
MmuEX6070644	MmuEX6096526	MmuEX6092792
MmuEX6070806	MmuEX6096539	MmuEX6092923
MmuEX6070890	MmuEX6096612	MmuEX6093182
MmuEX6070968	MmuEX6096613	MmuEX6093377
MmuEX6071321	MmuEX6096663	MmuEX6093515
MmuEX6071670	MmuEX6096683	MmuEX6093516
MmuEX6071671	MmuEX6096797	MmuEX6093517
MmuEX6071773	MmuEX6096908	MmuEX6093694
MmuEX6071856	MmuEX6096954	MmuEX6094283
MmuEX6071907	MmuEX6097109	MmuEX6094287
MmuEX6072041	MmuEX6097166	MmuEX6094328
MmuEX6072101	MmuEX6097176	MmuEX6094589
MmuEX6072493	MmuEX6097229	MmuEX6094687
MmuEX6072512	MmuEX6097245	MmuEX6094722
MmuEX6072523	MmuEX6097366	MmuEX6094827
MmuEX6072746	MmuEX6097367	MmuEX6094843
MmuEX6072939	MmuEX6097459	MmuEX6094879
MmuEX6073010	MmuEX6097516	MmuEX6094882
MmuEX6073020	MmuEX6097518	MmuEX6095065
MmuEX6073221	MmuEX6097925	MmuEX6095093
MmuEX6073283	MmuEX6097926	MmuEX6095094
MmuEX6073631	MmuEX6097927	MmuEX6095217
MmuEX6073684	MmuEX6097983	MmuEX6095296
MmuEX6073847	MmuEX6098034	MmuEX6095431
MmuEX6074097	MmuEX6098050	MmuEX6095607
MmuEX6074180	MmuEX6098198	MmuEX6095724
MmuEX6074286	MmuEX6098335	MmuEX6095725
MmuEX6074484	MmuEX6098540	MmuEX6095729
MmuEX6074538	MmuEX6098541	MmuEX6095927
MmuEX6074680	MmuEX6098548	MmuEX6095946
MmuEX6074740	MmuEX6098608	MmuEX6095952
MmuEX6074743	MmuEX6098609	MmuEX6096131
MmuEX6074754	MmuEX6098702	MmuEX6096317
MmuEX6074883	MmuEX6098703	MmuEX6096511
MmuEX6074894	MmuEX6098800	MmuEX6096527
MmuEX6074904	MmuEX6098837	MmuEX6096665
MmuEX6074906	MmuEX6099104	MmuEX6096666
MmuEX6074981	MmuEX6099259	MmuEX6096694
MmuEX6075095	MmuEX6099265	MmuEX6096695
MmuEX6075228	MmuEX6099378	MmuEX6096759
MmuEX6075230	MmuEX6099383	MmuEX6096946
MmuEX6075272	MmuEX6099735	MmuEX6097129
MmuEX6075334	MmuEX6099895	MmuEX6097130
MmuEX6075690	MmuEX6100154	MmuEX6097458
MmuEX6075831	MmuEX6100171	MmuEX6097634
MmuEX6075887	MmuEX6100290	MmuEX6097684
MmuEX6075999	MmuEX6100307	MmuEX6097685
MmuEX6076007	MmuEX6100327	MmuEX6097793
MmuEX6076080	MmuEX6100426	MmuEX6097885
MmuEX6076187	MmuEX6100631	MmuEX6097941
MmuEX6076189	MmuEX6100693	MmuEX6097982
MmuEX6076190	MmuEX6100853	MmuEX6097984
MmuEX6076192	MmuEX6100872	MmuEX6098124
MmuEX6076542	MmuEX6100885	MmuEX6098240
MmuEX6076756	MmuEX6101103	MmuEX6098241
MmuEX6076886	MmuEX6101120	MmuEX6098348
MmuEX6076933	MmuEX6101124	MmuEX6098364
MmuEX6077159	MmuEX6101565	MmuEX6098719
MmuEX6077222	MmuEX6102082	MmuEX6098918
MmuEX6077377	MmuEX6102104	MmuEX6098920
MmuEX6077598	MmuEX6102210	MmuEX6098960
MmuEX6077994	MmuEX6102233	MmuEX6099125
MmuEX6078331	MmuEX6102493	MmuEX6099201
MmuEX6078519	MmuEX6102676	MmuEX6099382
MmuEX6078560	MmuEX6102789	MmuEX6099878
MmuEX6078898	MmuEX6102810	MmuEX6100021
MmuEX6079021	MmuEX6102820	MmuEX6100132
MmuEX6079022	MmuEX6102906	MmuEX6100156
MmuEX6079023	MmuEX6102982	MmuEX6100189
MmuEX6079024	MmuEX6102984	MmuEX6100279
MmuEX6079025	MmuEX6102986	MmuEX6100512
MmuEX6079178	MmuEX6103172	MmuEX6100520
MmuEX6079200	MmuEX6103356	MmuEX6100597
MmuEX6079379	MmuEX6103576	MmuEX6100600
MmuEX6079540	MmuEX6103797	MmuEX6100833
MmuEX6079643	MmuEX6103845	MmuEX6101166
MmuEX6079655	MmuEX6103879	MmuEX6101173
MmuEX6079657	MmuEX6103946	MmuEX6101370
MmuEX6079663	MmuEX6103950	MmuEX6101564
MmuEX6079665	MmuEX6104277	MmuEX6101831
MmuEX6079676	MmuEX6104687	MmuEX6102087
MmuEX6079684	MmuEX6104763	MmuEX6102160
MmuEX6079749	MmuEX6104780	MmuEX6102161
MmuEX6079796	MmuEX6104818	MmuEX6102162
MmuEX6079845	MmuEX6104861	MmuEX6102221
MmuEX6079964	MmuEX6104866	MmuEX6102222
MmuEX6080176	MmuEX6104883	MmuEX6102700
MmuEX6080328	MmuEX6104928	MmuEX6102784
MmuEX6080380	MmuEX6104947	MmuEX6103041
MmuEX6080387	MmuEX6104995	MmuEX6103197
MmuEX6080394	MmuEX6105324	MmuEX6103295
MmuEX6080404	MmuEX6105360	MmuEX6103667
MmuEX6080416	MmuEX6105546	MmuEX6103668
MmuEX6080486	MmuEX6105610	MmuEX6103873
MmuEX6080602	MmuEX6105659	MmuEX6103900
MmuEX6080603	MmuEX6105796	MmuEX6104276
MmuEX6080667	MmuEX6105906	MmuEX6104677
MmuEX6080808	MmuEX6106178	MmuEX6104678
MmuEX6080887	MmuEX6106186	MmuEX6104830
MmuEX6081157	MmuEX6106262	MmuEX6104938
MmuEX6081210	MmuEX6106263	MmuEX6105077
MmuEX6081216	MmuEX6106385	MmuEX6105088
MmuEX6081217	MmuEX6106521	MmuEX6105163
MmuEX6081316	MmuEX6106522	MmuEX6105214
MmuEX6081329	MmuEX6106523	MmuEX6105474
MmuEX6081338	MmuEX6106524	MmuEX6105484
MmuEX6081365	MmuEX6106525	MmuEX6105675
MmuEX6081537	MmuEX6106527	MmuEX6105678
MmuEX6081686	MmuEX6106806	MmuEX6105746
MmuEX6081776	MmuEX6107211	MmuEX6105889
MmuEX6081781	MmuEX6107348	MmuEX6105895
MmuEX6081811		MmuEX6105908
MmuEX6081945		MmuEX6105909
MmuEX6081946		MmuEX6106147
MmuEX6082019		MmuEX6106148
MmuEX6082021		MmuEX6106245
MmuEX6082022		MmuEX6106256
MmuEX6082086		MmuEX6106264
MmuEX6082117		MmuEX6106374
MmuEX6082133		MmuEX6106375
MmuEX6082471		MmuEX6106430
MmuEX6082472		MmuEX6106431
MmuEX6082473		MmuEX6106519
MmuEX6082478		MmuEX6106934
MmuEX6082559		MmuEX6107139
MmuEX6082560		MmuEX6107196
MmuEX6082603		MmuEX6107200
MmuEX6082611		MmuEX6107222
MmuEX6082699		MmuEX6107261
MmuEX6083198		MmuEX6107349
MmuEX6083324		MmuEX6107550
MmuEX6083648		MmuEX6107704
MmuEX6083649		
MmuEX6083699		
MmuEX6083704		
MmuEX6083735		
MmuEX6083862		
MmuEX6084131		
MmuEX6084169		
MmuEX6084192		
MmuEX6084221		
MmuEX6084224		
MmuEX6084816		
MmuEX6084905		
MmuEX6085326		
MmuEX6085327		
MmuEX6085477		
MmuEX6085818		
MmuEX6085956		
MmuEX6086075		
MmuEX6086144		
MmuEX6086432		
MmuEX6086478		
MmuEX6086487		
MmuEX6086725		
MmuEX6086850		
MmuEX6087117		
MmuEX6087528		
MmuEX6087553		
MmuEX6087674		
MmuEX6087689		
MmuEX6087836		
MmuEX6087905		
MmuEX6087917		
MmuEX6088132		
MmuEX6088133		
MmuEX6088219		
MmuEX6088259		
MmuEX6088263		
MmuEX6088264		
MmuEX6088329		
MmuEX6088359		
MmuEX6088438		
MmuEX6088439		
MmuEX6088470		
MmuEX6088497		
MmuEX6088516		
MmuEX6088521		
MmuEX6088541		
MmuEX6088548		
MmuEX6088683		
MmuEX6088720		
MmuEX6088804		
MmuEX6088811		
MmuEX6089059		
MmuEX6089061		
MmuEX6089136		
MmuEX6089830		
MmuEX6090195		
MmuEX6090197		
MmuEX6090347		
MmuEX6090353		
MmuEX6090529		
MmuEX6090603		
MmuEX6090682		
MmuEX6091051		
MmuEX6091124		
MmuEX6091261		
MmuEX6091343		
MmuEX6091352		
MmuEX6091541		
MmuEX6091873		
MmuEX6091972		
MmuEX6092245		
MmuEX6092269		
MmuEX6092308		
MmuEX6092314		
MmuEX6092341		
MmuEX6092355		
MmuEX6092384		
MmuEX6092425		
MmuEX6092533		
MmuEX6092559		
MmuEX6092707		
MmuEX6092787		
MmuEX6092842		
MmuEX6092891		
MmuEX6092892		
MmuEX6092936		
MmuEX6092937		
MmuEX6093115		
MmuEX6093196		
MmuEX6093376		
MmuEX6093431		
MmuEX6093432		
MmuEX6093433		
MmuEX6093434		
MmuEX6093512		
MmuEX6093538		
MmuEX6093549		
MmuEX6093560		
MmuEX6093608		
MmuEX6093721		
MmuEX6093830		
MmuEX6094009		
MmuEX6094117		
MmuEX6094137		
MmuEX6094245		
MmuEX6094260		
MmuEX6094261		
MmuEX6094262		
MmuEX6094456		
MmuEX6094517		
MmuEX6094680		
MmuEX6094717		
MmuEX6094845		
MmuEX6094846		
MmuEX6094863		
MmuEX6094864		
MmuEX6095043		
MmuEX6095283		
MmuEX6095320		
MmuEX6095360		
MmuEX6095429		
MmuEX6095632		
MmuEX6095679		
MmuEX6095815		
MmuEX6095907		
MmuEX6095929		
MmuEX6095969		
MmuEX6096044		
MmuEX6096155		
MmuEX6096257		
MmuEX6096259		
MmuEX6096331		
MmuEX6096338		
MmuEX6096509		
MmuEX6096662		
MmuEX6096716		
MmuEX6096805		
MmuEX6096911		
MmuEX6097080		
MmuEX6097174		
MmuEX6097231		
MmuEX6097236		
MmuEX6097269		
MmuEX6097486		
MmuEX6097632		
MmuEX6097972		
MmuEX6098073		
MmuEX6098135		
MmuEX6098180		
MmuEX6098544		
MmuEX6098716		
MmuEX6098783		
MmuEX6098902		
MmuEX6098922		
MmuEX6098957		
MmuEX6098958		
MmuEX6098959		
MmuEX6099105		
MmuEX6099106		
MmuEX6099118		
MmuEX6099180		
MmuEX6099769		
MmuEX6100067		
MmuEX6100460		
MmuEX6100594		
MmuEX6100609		
MmuEX6100832		
MmuEX6100852		
MmuEX6101128		
MmuEX6101142		
MmuEX6101189		
MmuEX6101316		
MmuEX6101322		
MmuEX6101333		
MmuEX6101484		
MmuEX6101531		
MmuEX6101844		
MmuEX6101961		
MmuEX6101981		
MmuEX6102146		
MmuEX6102150		
MmuEX6102183		
MmuEX6102212		
MmuEX6102592		
MmuEX6102802		
MmuEX6102851		
MmuEX6102873		
MmuEX6102924		
MmuEX6103096		
MmuEX6103150		
MmuEX6103161		
MmuEX6103341		
MmuEX6103432		
MmuEX6103434		
MmuEX6103438		
MmuEX6103524		
MmuEX6103557		
MmuEX6103558		
MmuEX6103660		
MmuEX6103671		
MmuEX6103701		
MmuEX6103702		
MmuEX6103703		
MmuEX6103799		
MmuEX6103800		
MmuEX6103892		
MmuEX6104098		
MmuEX6104193		
MmuEX6104288		
MmuEX6104420		
MmuEX6104443		
MmuEX6104446		
MmuEX6104683		
MmuEX6104816		
MmuEX6104929		
MmuEX6104968		
MmuEX6105035		
MmuEX6105232		
MmuEX6105481		
MmuEX6105645		
MmuEX6105672		
MmuEX6105832		
MmuEX6105942		
MmuEX6105947		
MmuEX6106112		
MmuEX6106251		
MmuEX6106368		
MmuEX6106687		
MmuEX6106688		
MmuEX6106689		
MmuEX6106759		
MmuEX6106784		
MmuEX6106813		
MmuEX6107028		
MmuEX6107214		
MmuEX6107437		
MmuEX6107554		
MmuEX6107715		
